"modelo","intervencion","rezago","Rt_antes","Rt_despues","cambio","ic_inf","ic_sup","P_reduccion"
"viejo_IS_10.5d","Cuarentena obligatoria",7,2.30526948153576,2.18531220992976,-0.119957271605996,-1.67803252310065,1.05002549466234,0.539833333333333
"viejo_IS_10.5d","Cuarentena obligatoria",10,2.30526948153576,1.93298768089524,-0.372281800640519,-1.97382296849026,0.747278939012987,0.694
"viejo_IS_10.5d","Cuarentena obligatoria",14,2.30526948153576,1.70046660013619,-0.604802881399567,-2.18754221784091,0.454888933977272,0.827666666666667
"viejo_IS_10.5d","Apertura sectorial",7,1.525957380535,1.46375517564381,-0.0622022048911905,-0.539095393482143,0.391054681607143,0.606166666666667
"viejo_IS_10.5d","Apertura sectorial",10,1.525957380535,1.46615455113893,-0.0598028293960714,-0.518091330714286,0.385252339107143,0.606166666666667
"viejo_IS_10.5d","Apertura sectorial",14,1.525957380535,1.48448254354964,-0.0414748369853571,-0.482618918392857,0.394517140267857,0.576666666666667
"viejo_IS_10.5d","Reapertura piloto",7,1.48448254354964,1.43613669575131,-0.0483458477983333,-0.485564486875,0.370240995178571,0.579333333333333
"viejo_IS_10.5d","Reapertura piloto",10,1.48448254354964,1.48718248149369,0.00269993794404762,-0.432011732142857,0.423978070892857,0.485
"viejo_IS_10.5d","Reapertura piloto",14,1.48448254354964,1.5484938488956,0.0640113053459524,-0.367120602660714,0.493004659535714,0.376833333333333
"nuevo_ChinaGamma","Cuarentena obligatoria",7,1.31279784031758,1.45541744418952,0.142619603871948,-0.360881722441559,0.60331704126948,0.2705
"nuevo_ChinaGamma","Cuarentena obligatoria",10,1.31279784031758,1.35838244637702,0.0455846060594481,-0.434383834642857,0.469006479894481,0.405333333333333
"nuevo_ChinaGamma","Cuarentena obligatoria",14,1.31279784031758,1.29188213221381,-0.0209157081037662,-0.509225137462663,0.393721913272727,0.522666666666667
"nuevo_ChinaGamma","Apertura sectorial",7,1.28813728088488,1.25111126497905,-0.0370260159058333,-0.297792661017857,0.218806123303571,0.613833333333333
"nuevo_ChinaGamma","Apertura sectorial",10,1.28813728088488,1.2595423147069,-0.0285949661779762,-0.280385261535714,0.215747602142857,0.587666666666667
"nuevo_ChinaGamma","Apertura sectorial",14,1.28813728088488,1.27541666402405,-0.0127206168608333,-0.255723328607143,0.2294664925,0.546
"nuevo_ChinaGamma","Reapertura piloto",7,1.27541666402405,1.25001705381988,-0.0253996102041667,-0.286822066410714,0.222899193428571,0.578166666666667
"nuevo_ChinaGamma","Reapertura piloto",10,1.27541666402405,1.285011660435,0.00959499641095238,-0.239442284125,0.256750672767857,0.466166666666667
"nuevo_ChinaGamma","Reapertura piloto",14,1.27541666402405,1.31539775672381,0.0399810926997619,-0.206815910410714,0.2910476575,0.377833333333333
