"cantidad","viejo","nuevo","diferencia","revisar"
"Cobertura IC50 (%)",72.2,72.2222222222222,0.0222222222222115,""
"Cobertura IC80 (%)",88.3,88.3333333333333,0.0333333333333314,""
"Cobertura IC95 (%)",95,95,0,""
"Ancho banda 95 con y_pred",852.5,851.937058231111,-0.562941768889232,""
"Ancho banda 95 con y_rep",2946.3,2945.96375,-0.336250000001655,""
"Dias fuera banda 95",9,9,0,""
"elpd_loo",-1233.5,-1233.52363544333,-0.0236354433291126,""
"SE elpd_loo",29.1,29.0729047326854,-0.0270952673146034,""
"p_loo",18.1,18.0034386276027,-0.0965613723972822,""
"Pareto k maximo",0.602,0.580884177055784,-0.0211158229442157,""
"Pareto k mediano",0.218,0.224011460396407,0.00601146039640707,""
"Dias con k > 0.7",0,0,0,""
"Pearson T observado",65227,65195.5677043943,-31.432295605744,""
"Pearson T NB-2",73367,73392.4244642737,25.4244642736739,""
"Pearson T Poisson",180,180.434384175361,0.434384175361004,""
"Razon observado/Poisson",362,361.325630934245,-0.674369065755059,""
"p-valor dispersion NB-2",0.626,0.635333333333333,0.0093333333333333,""
"p-valor dispersion Poisson",0,0,0,""
"p-valor max(y) NB-2",0.628,0.635333333333333,0.0073333333333333,""
"p-valor sd(y) NB-2",0.497,0.511666666666667,0.0146666666666667,""
"sd residuos Pearson",0.761,0.761182596587313,0.000182596587313122,""
"sd residuos dias 1-60",0.754,0.755364044924589,0.00136404492458875,""
"sd residuos dias 61-120",0.618,0.618863663803864,0.000863663803863934,""
"sd residuos dias 121-180",0.896,0.895538460084831,-0.000461539915169062,""
"Dias con |resid| > 2",4,4,0,""
"Cobertura IC50 sin atipicos (%)",73.9,73.8636363636364,-0.0363636363636459,""
"Mediana estacionaria",1.249,1.24918842879338,0.000188428793380435,""
"  IC95 inferior",0.773,0.75452694879513,-0.0184730512048696,""
"  IC95 superior",1.737,1.73593018266706,-0.00106981733293932,""
"Media estacionaria",1.44,1.48497545176314,0.0449754517631391,""
"  IC95 inferior",0.933,0.928112132010031,-0.0048878679899691,""
"  IC95 superior",2.205,2.42043039557986,0.215430395579857,"<-- REVISAR"
"Vida media mediana (dias)",24.6,25.1641942638481,0.564194263848108,""
"  IC95 inferior",5,5.05150717083527,0.0515071708352721,""
"  IC95 superior",259,339.016945818335,80.0169458183352,"<-- REVISAR"
