"fecha","resid","casos"
2020-03-14,-0.588075481538543,3
2020-03-15,-0.771113726740181,2
2020-03-16,-0.599973914019408,4
2020-03-17,-0.851284450470978,2
2020-03-18,-1.0503066006325,1
2020-03-19,-0.974959867327457,2
2020-03-20,-0.492585961678627,9
2020-03-21,-1.31327770423473,1
2020-03-22,-1.11517496484614,3
2020-03-23,-0.4684524281292,12
2020-03-24,-0.172799779037668,18
2020-03-25,-0.798244960768552,9
2020-03-26,-1.07957537321859,4
2020-03-27,0.502975640567776,20
2020-03-28,0.725378132353509,27
2020-03-29,-0.104555819599209,21
2020-03-30,0.257434613316808,30
2020-03-31,0.257863863468857,34
2020-04-01,1.68619179639656,65
2020-04-02,0.529526209393804,46
2020-04-03,0.029575131809872,38
2020-04-04,1.8260023281833,82
2020-04-05,-0.697107914702869,25
2020-04-06,0.0581992769624305,46
2020-04-07,0.837257015960135,71
2020-04-08,1.95460446508557,108
2020-04-09,-0.67777102505418,32
2020-04-10,0.876183531476219,81
2020-04-11,-0.376207002315369,43
2020-04-12,-1.15553598673205,19
2020-04-13,-1.05307274820228,23
2020-04-14,-0.791434600400304,33
2020-04-15,-0.42372112062678,48
2020-04-16,-0.624690527167871,43
2020-04-17,-0.337204113753423,57
2020-04-18,0.245986547149855,85
2020-04-19,0.851800853894833,116
2020-04-20,-0.0364779259695464,79
2020-04-21,-0.300778756795077,69
2020-04-22,-0.0912990593516575,82
2020-04-23,-0.869461639814979,46
2020-04-24,1.44303108353805,173
2020-04-25,-0.151310891840248,90
2020-04-26,-0.187015884314106,91
2020-04-27,-0.0369687914147692,103
2020-04-28,-0.730618734576812,64
2020-04-29,0.276965483569015,131
2020-04-30,-0.431740282628267,89
2020-05-01,0.213901946993994,137
2020-05-02,-0.783446056153915,71
2020-05-03,-0.291484812407086,111
2020-05-04,-0.160296024575464,127
2020-05-05,0.502310026024016,189
2020-05-06,0.533443868838624,200
2020-05-07,-0.339019120025583,129
2020-05-08,0.644305063511365,226
2020-05-09,0.3941701949388,209
2020-05-10,-0.483079910655433,128
2020-05-11,-0.309729035240389,150
2020-05-12,0.65558686713204,258
2020-05-13,-0.665137096873068,122
2020-05-14,0.0468979838667983,207
2020-05-15,-0.805574973228812,115
2020-05-16,0.479328371786726,278
2020-05-17,0.103010491339107,241
2020-05-18,-0.306098198526316,195
2020-05-19,-0.200612801890259,216
2020-05-20,-0.000430066544074108,252
2020-05-21,-0.953628483198377,122
2020-05-22,0.0449867862566791,280
2020-05-23,0.60945959239724,383
2020-05-24,-0.353471943036983,237
2020-05-25,-0.779006772466,173
2020-05-26,0.183864848512371,355
2020-05-27,-0.172463215961661,306
2020-05-28,0.667027522423567,490
2020-05-29,1.22309609454696,628
2020-05-30,0.4477194279108,477
2020-05-31,-0.188401669905044,348
2020-06-01,-0.0597499146832159,384
2020-06-02,-0.154232795833969,374
2020-06-03,0.312573523458439,497
2020-06-04,0.403816059254688,534
2020-06-05,-0.158769454371748,404
2020-06-06,-0.292689001221787,379
2020-06-07,-0.560313424932479,319
2020-06-08,-0.14092131597232,442
2020-06-09,-0.374264481981271,391
2020-06-10,-0.306439658212779,424
2020-06-11,-0.415502889860507,408
2020-06-12,-0.44239514100971,416
2020-06-13,-0.0363288168818927,565
2020-06-14,0.082615137142428,628
2020-06-15,-0.60316831864654,414
2020-06-16,0.434303723492341,807
2020-06-17,-1.58534036821194,81
2020-06-18,0.219320408984723,806
2020-06-19,0.758680417084548,1082
2020-06-20,-0.226477077868148,696
2020-06-21,0.0816207424893019,876
2020-06-22,0.613268748541249,1182
2020-06-23,0.819099811031821,1333
2020-06-24,-1.58266261354064,115
2020-06-25,0.502616703684495,1278
2020-06-26,-0.0684171000548368,1012
2020-06-27,1.69918572542355,2158
2020-06-28,0.531021868521109,1469
2020-06-29,-1.76586521834092,24
2020-06-30,-0.737124094887891,707
2020-07-01,0.219308539999828,1416
2020-07-02,0.0118452161204831,1335
2020-07-03,0.0839724517770414,1451
2020-07-04,-0.322697271735166,1182
2020-07-05,-0.249948363554267,1291
2020-07-06,-0.534493816265417,1101
2020-07-07,-0.0183559079485674,1630
2020-07-08,-0.230229454940303,1509
2020-07-09,-0.176831397771377,1649
2020-07-10,0.702541091436219,2690
2020-07-11,0.446217488593092,2520
2020-07-12,0.0969378187965403,2200
2020-07-13,-0.353591694977868,1728
2020-07-14,-0.254640307493488,1909
2020-07-15,0.119514353698644,2464
2020-07-16,0.566911946085435,3134
2020-07-17,-1.68935376135269,156
2020-07-18,-0.485602111003128,1879
2020-07-19,0.698903051238673,3803
2020-07-20,0.765598514533074,4099
2020-07-21,0.369091965113596,3572
2020-07-22,0.561189300508671,3968
2020-07-23,-0.426814141392056,2329
2020-07-24,0.0989563596288038,3271
2020-07-25,-0.375869449119719,2484
2020-07-26,-1.74550910471577,106
2020-07-27,-0.086720159364258,3206
2020-07-28,2.55282513258318,8581
2020-07-29,-0.156828529131803,3239
2020-07-30,-0.184458561654289,3181
2020-07-31,-1.52593663140736,550
2020-08-01,0.121546181707946,3933
2020-08-02,1.46510145029581,6899
2020-08-03,-0.362631341137591,3042
2020-08-04,0.520946540840085,4939
2020-08-05,-0.0839326176097164,3632
2020-08-06,-0.472210327425463,2793
2020-08-07,-0.187709803358728,3385
2020-08-08,-0.163194956780376,3433
2020-08-09,-0.758782487848748,2178
2020-08-10,-1.48803315532895,665
2020-08-11,2.10686235093141,8472
2020-08-12,-1.2537557728408,1182
2020-08-13,1.45951909859286,7084
2020-08-14,-1.75464325739598,108
2020-08-15,0.534718958636471,5056
2020-08-16,2.055262969272,8410
2020-08-17,-0.105421799685887,3584
2020-08-18,-1.43309244513154,764
2020-08-19,2.01987567922164,7906
2020-08-20,0.0243663995186209,3658
2020-08-21,0.0968358946607727,3685
2020-08-22,-0.254698829068814,2911
2020-08-23,0.102486802731357,3487
2020-08-24,-0.0451772856415035,3128
2020-08-25,0.0865087861869872,3264
2020-08-26,-0.308475987603863,2494
2020-08-27,-0.468920620783158,2157
2020-08-28,0.0166256091249837,2871
2020-08-29,-0.519359377967993,1971
2020-08-30,-0.535447058418415,1912
2020-08-31,0.48058420282253,3415
2020-09-01,0.174184413385474,2889
2020-09-02,-0.37231888848177,2027
2020-09-03,0.0451085217199594,2558
2020-09-04,-0.238328768665177,2110
2020-09-05,-0.232516405141424,2067
2020-09-06,-0.856745447401444,1218
2020-09-07,0.256781781050263,2637
2020-09-08,-0.322129292445843,1873
2020-09-09,-0.399979411705134,1755
