"Rt_ini","Rt_med","Rt_fin","Rt_max","casos_tot","casos_max"
1.16388136194238,1.12305545093108,1.18879983745127,1.2954547380517,5316,517
0.674488738101273,0.66577779104049,0.769957389566266,1.81061714934099,876,46
0.896256610635353,0.641284692860173,0.656517012580834,1.65505631699469,802,39
1.11235032436216,0.794085929699971,0.86000066695858,1.57592020133068,743,30
1.3006395669571,1.33325335114483,1.39987223184208,1.87621873704966,53731,3924
1.25936024323927,2.29916513148184,1.25870883300577,6.10634985268172,211043,13913
0.961115310060728,0.956664724011763,0.841886330315794,2.09334722945607,5003,170
1.07028683023735,0.617155777546359,2.63700017505283,21.294434817928,3726108,345601
1.50721124871968,1.31128307905065,1.4660711384828,1.74281194265203,22035,1387
0.822504746266655,0.831616694539666,0.709673529050068,0.831616694539666,492,30
1.1840786370178,1.45132505038578,1.25224308214993,2.88993890014256,238897,12846
0.90502560892091,0.940498420469943,0.840386982224244,1.10911685129769,1095,108
1.32210237040306,1.51531619664878,2.15343616802849,3.39440249594375,50501,5055
1.22765063312679,0.916912718227932,1.13069632609874,1.55553412382774,1983,47
1.24441786026675,2.32999422555695,1.98783474851229,5.37273426431355,17737999,6095919
1.5530795395784,1.19461899624106,1.28675934505609,1.57968882529876,59040,4079
1.2834619917727,0.721514016947695,1.65790844849255,2.21934489930162,3394,89
0.891404074632486,0.695402384827397,0.850891382564364,1.03056317837951,257,17
0.638717599821568,0.621710443958935,0.691394569710145,1.26730611254536,662,49
1.33432111367631,1.28619741030257,1.34080435702876,1.42337079220267,36349,1587
1.58389583361271,1.69962974345157,1.62834716530608,1.72106097043404,1155770,85403
2.01337478383962,1.71212657774815,3.42782259641801,5.47022388643327,6534177,467728
1.07580822835329,0.633914611484654,0.641475590538073,2.00832264675355,1249,25
1.14867129252747,0.653710764496249,0.314355275845298,5.51035849403547,142446,9821
1.15432226362869,0.590202980879503,0.542613801943683,7.97357530255517,5228,653
0.390682518223629,0.395570636323971,0.618404718359947,0.906963686123271,237,25
0.809100100726439,0.910780999046605,0.8524024427409,1.06827810584566,393,77
1.14806236217639,1.05125289668289,1.11651211780522,1.60230207890239,3594,92
1.3547615685579,1.45380303980384,0.951383318265864,1.9595843013973,12973,511
1.54884110031842,0.772604571775586,1.68353122879593,1.90447065808277,1950,42
0.947685973237381,0.848558245242526,0.915994871586675,1.31501473362071,1254,330
1.0977101470589,1.14016422428095,1.63764795666331,2.04779669889848,3576,158
1.18740657204261,1.16767929581945,0.866273961383997,1.8808591349802,3151,159
0.400892522705239,0.798841058333822,0.978561814555932,1.45591303420496,503,53
1.65883310160184,0.722629365807402,0.755365664441343,3.31103576196933,405,34
1.44765719297506,0.888181176205127,0.840484330993783,2.12110882078784,1159,95
0.932781114053605,0.886064362948417,0.844924404847368,1.18183010217517,858,16
1.27910258295789,1.40184174622799,1.26083666990675,1.5707224569135,128993,8463
1.21444883386513,1.05932637597728,1.14709101808343,2.19162545985395,400,69
1.82253631183747,1.82277829733792,1.78199206280879,2.42424547011089,576225,41808
1.30635466204901,1.34767043099107,1.22804402210937,1.60630767264747,30107,1223
0.734681304349803,2.15037071923694,1.91625555698185,3.00190845116926,40686,2100
1.11986165812612,1.09612455292001,1.26022743561292,1.51546930633265,17616,1546
1.09218646535365,3.9236029481644,0.363937364514681,7.8920359230838,545990,24812
0.447311368797849,0.481513569874293,0.121201329388115,2.25552726956412,154,27
1.37953845204205,1.33972923711072,1.27571357692528,1.80652791974819,100291,4650
1.25553746973548,1.25411243331987,1.28422232106867,1.40178278269626,24429,2093
1.44714111515646,1.86694214672917,1.94804635841045,2.06127778119501,985692,80483
0.980951951315061,0.996595933719652,1.0017412483008,1.05830959099034,1809,37
1.59610031515558,1.82618859071742,1.98041864105379,2.16029964333531,1088116,265708
0.58854693526267,0.760101817877696,0.701252268341757,0.928501803929364,518,44
1.04300459558888,0.607554660538553,0.620214628138895,2.86709267975909,780,24
2.09615283691557,1.66475702762152,2.9611175933775,6.99680806397039,6864,685
0.909946898676481,1.12350511865062,0.902209083705176,5.68780645705164,78559,11093
1.19970391894723,1.21996218091205,1.21643952882129,1.23645892336161,11294,292
1.08830651271278,1.14699402213013,1.11059932409173,1.20777245797433,6700,260
1.84644103161622,1.72200813522015,2.40399598714904,3.41860285859678,19583136,1636796
0.91620751824558,1.04842535791187,0.881187291057534,1.6407387632208,1074,114
1.41407251030224,1.42044992467947,2.16383888706687,6.39102069590367,2099153,404035
1.23410181846158,1.5124772768286,1.14053085193357,2.06994212225445,24678,1400
1.01775612850313,0.815071462729768,0.835707706721892,1.63604639649902,1578,58
0.766195476434855,0.708400013119508,0.852204192801625,1.01042471146388,420,22
0.629724259242786,0.648477259291653,0.588681477092221,1.63680038795611,683,100
1.32195252668619,1.39993438283737,1.43955276507685,1.51210197046774,130772,6650
0.879353095394467,0.636419586890157,0.762623745782312,1.24547892267053,383,52
1.84569653937863,2.18678443719002,2.07417922042482,3.51453094340152,58186364,6176596
0.836801149265937,1.06727945078445,0.820310320920313,1.21188215430333,662,25
1.3489149288324,1.63833627072498,0.731843190342373,4.05536546697952,1704,50
0.387142153456783,2.33683005891182,0.335966513874467,6.02083781775912,2246,118
0.698868180307657,0.698031264672253,0.719920222310974,0.758694974795731,519,71
1.31681224100749,1.15220317597962,1.24514100498767,1.58955923723298,5250,191
1.53967469635309,1.14175886825783,1.66764030785377,1.91980374680444,342539,20298
0.567076847541959,0.574229900587126,0.59678441545537,0.605726043019135,187,16
0.769221188791461,1.23334921283035,0.414141937183964,2.55559582742677,100,16
0.629419655841433,0.865580430476673,1.19835900983027,1.87871232859954,701,34
1.13718081247001,1.11176218976201,1.17006103594785,1.20166206895677,4808,115
1.03932974358663,1.40687485818099,1.41425524212371,1.58605281553375,12805,709
0.806272213568148,1.09382979756871,1.01912046710458,1.30794269253186,4239,388
1.52846849283216,1.20571011716494,1.06582420951842,1.52846849283216,380,38
0.724365792585908,0.636950790107771,0.648816031100562,0.777751175156525,247,41
0.811906717486149,1.07639124484141,0.622795786982934,2.00522604432072,1188,23
1.58724195447803,1.60184554203984,0.806408793919697,3.52066043783358,17191,1372
1.47256877122635,1.66902677915314,1.59807496514941,2.16972019904813,646243,80609
0.786267229970097,0.721689828812353,0.699186306197492,0.791984906982342,518,54
0.917719236156466,0.829861607594791,1.36155991614714,2.59856633007925,4464,120
1.16770868628356,1.07066773769529,1.41854695585553,1.69035203074828,16971,1919
0.453502938593866,0.677631715894944,0.808578625594912,1.30720039604312,283,20
1.17164791612911,1.4768482505985,1.18328972207855,1.73035276084065,19332,672
3.05480667069899,4.07339484881801,1.29906064592539,8.61735083426225,1629100984,142311823
0.965836912672452,1.11490095219201,0.717536744128876,2.25300636266868,566,21
1.07709953848386,1.12277084428464,1.40588017303227,1.92973074212271,3599,491
1.20024895541825,1.23279921551671,1.39824954654603,1.67053474054011,10703,1003
1.72443949889885,1.59165495840031,1.34815844957342,2.58660566086111,12079,410
1.13701259560197,0.865722101876429,1.18323957793837,1.5514630236287,8074,844
1.03229232572358,1.19929339511382,0.83577060081023,1.95337969930786,1189,46
0.972403596916779,1.13312672876787,1.0205744082574,1.19099807167985,1915,216
1.26621567429961,4.6452961253642,0.961852873723364,19.7567541782717,9648,435
1.60689342246963,1.34271391144296,1.40436708641411,2.12685840068522,260649,42526
1.03677395271932,0.867305304636759,0.901837528930544,2.1307463788726,1476,43
0.990661306201902,0.941988052426794,1.06582917422177,1.45642992353229,942,32
0.574210044814932,0.903260097881952,0.61192985914415,1.72072754373328,412,39
0.471739679245845,0.597325400884756,0.928319722201139,2.47137904353932,258,10
1.36553339739372,1.11035351219823,0.853340440562487,1.79991539373171,3700,185
1.73117731561021,1.21618606128237,0.931331522227618,2.57624407674365,6664,133
0.46884554616978,0.969743829756455,1.06400153331972,3.31190216905353,1937,60
1.63562921265265,1.06406909808251,2.22684470365462,4.1761930534676,662142,43671
0.799711089371519,0.777857376418544,0.791174362440713,0.817041451796916,812,100
0.41846105807542,1.06695748569062,1.34474483587446,4.11710044751937,259,24
1.67004532336578,1.72152430270496,1.22187188811821,2.21576997316928,311131,18691
1.12688307575772,1.15260937291923,1.91395154112778,2.22423134940298,32414,2472
0.573800677189958,0.595687242316899,0.984931023308533,2.70265921649928,964,57
1.14849102678951,0.884538284427536,0.963405832961504,1.39045202529623,2104,47
1.60375700959676,1.62299244085004,1.59841231966397,1.63718189963134,574370,26110
1.5842912734039,1.66318997016176,1.61787912971778,1.78413625817923,445961,40880
0.996054981077721,1.10641295959439,0.988109888200453,3.4953433368823,940279,47677
0.759147342502684,0.8390686356248,0.81321368311161,1.03778190679898,856,148
0.84441549287073,0.989372745708215,1.06783712515153,1.33363773394806,758,16
1.75776349133009,2.21514694266199,1.70415891700114,2.7342942431317,573132,24997
1.71825181757853,1.62018912835436,2.3899644378078,2.74535716852129,8962184,654690
0.629918868404344,0.603098173177203,0.753424984032606,0.963393803337559,227,40
1.33694699073992,1.34106531896569,1.34195732471838,1.34998868905075,46096,1621
0.79640610089906,0.790251187721113,0.785555006718622,0.857180370998273,439,25
0.91235607718775,1.03310260756923,0.802815909830924,1.60949418838073,1032,29
0.77834188442053,0.806751477340721,0.837823723199627,0.875973346470945,539,43
0.893981334673013,0.935296403826774,0.75466856097286,1.31911707092986,822,47
1.05020879006395,0.91862535559824,0.920307612204087,1.51351362317516,1097,23
1.55788074419931,1.2719380077549,1.33911552034153,1.72624765371184,20211,1331
1.00917492538717,0.759903726552676,0.828567433963791,2.30383877180619,2094,81
1.20373446055,1.93624852247036,0.844030543937867,2.34504461789858,11479,275
0.631617458858996,0.624528314707177,0.565542931458421,0.851070399929309,292,24
0.740824469905364,1.09188841959205,0.947243114271177,2.51585013793816,37583,1457
0.543701910141852,2.04035295907034,1.06904286528494,2.52799010930846,7955,201
1.36613779617049,0.582719830390224,1.21729511747284,2.60538228344647,933,44
0.42527463875317,1.70580205758785,1.1081263497866,3.22902326249632,19823,3058
1.43607819842457,1.16346306317013,1.10948678911307,1.85716322588545,2250,40
0.961895915228639,0.945258798107959,0.946163473210291,1.16764847068413,818,26
2.1497448078572,3.65237903758337,3.30765857055069,6.89104882578985,47205480,8002217
0.654563548450897,0.889201840112891,0.710336725316052,2.81669594117573,895,48
0.892718583521397,0.782958047498373,0.751170213903406,0.992429255352898,434,19
1.0034648276176,1.0021272608963,1.00983391191186,1.03640934535845,2285,114
2.02901922440802,0.670221179528165,1.24366105294993,11.1052724835232,54421,5353
1.69356909470309,1.31367269039449,1.26094929221431,1.77064615801085,96564,3714
1.15781803429985,1.26215099827046,1.15421286851147,2.00694448319761,1487,30
0.515396880592698,0.578213990160978,0.652683762347989,0.967845574107641,266,28
0.869314871676189,1.04039943093406,0.812701084032138,2.63672484230624,1454,67
1.16034070206986,1.22549635402335,1.02675016869039,1.46000598260635,2939,51
0.864775446548096,0.840089406328207,0.827035572613935,0.96429701870069,616,35
0.765414814353271,0.708386014570973,0.712797677221725,0.797726515495827,647,34
1.46074098484239,1.41027779659606,1.46381669052569,1.85646168565316,62789,3718
1.18913381523059,0.939758605100116,1.06800339589761,1.6192631855461,1148,23
0.786855059440527,1.47713036167655,0.860445279807179,1.86757883823091,1119,26
0.818318975288332,0.717433402061473,0.653200516375269,1.01643211673983,298,26
0.754345946407806,0.759433347981876,0.796333258725293,0.860067606736194,512,49
1.18143205988636,1.17571987277766,1.27251783686722,1.8148043015084,12157,538
0.851733196627226,0.654468145467509,0.957148121282031,1.24671055160467,1049,31
1.13719350486868,1.07942641790941,1.14204053383139,1.18850296945522,5553,206
1.70485520804684,1.71510074178432,1.49627125062766,2.38143161696311,1377983,129228
1.19953049415058,1.30274702048787,1.54561588961873,2.24779141414056,113900,4814
0.787440899767369,0.995621137634454,0.885860170143094,1.30522750786079,465,20
0.342231963456102,0.427598940213712,0.453888875727623,0.680349680634866,162,26
0.857343220842639,1.01694936102009,0.848399732169205,1.23098700320043,965,20
1.47109054393784,1.09020680285422,1.03549677951386,1.55537144201451,11236,310
1.06112992907815,0.971995123232233,1.41535572204557,1.68462375154321,1814,32
1.46365881115742,2.25902727580168,3.1778022645188,5.75166640890472,2759707,331562
0.620036269029871,0.665046808554542,0.638033295465405,0.822891032317576,373,20
1.0140442693651,0.974143321670902,0.797979313761113,1.53340350307461,2394,56
0.593839790187807,0.73893852618819,0.448010334969374,0.809611243128755,350,63
0.874448970412589,0.951775073734621,1.1861344719261,1.51606552748858,2921,102
1.20656274924005,1.2029547590143,1.17006281800617,1.29235938258677,10699,405
0.899588731929663,0.885358648893237,1.02364389426453,1.63787047561652,2225,115
2.43799899608729,2.38314946870189,2.37192263949837,2.5673248239656,140495657,15478431
2.03868236260839,1.14550928802511,1.11038377037289,3.05693272498566,14253,654
2.00611651840131,2.72994248628979,2.28932942251478,5.49742325738632,51146961,3676696
0.854806019728235,0.862752307502281,0.856282160788911,0.862752307502281,692,24
0.728009066381495,0.769041507600686,0.7968055652069,0.984943123726982,457,14
0.50282614602969,0.50516555697312,0.724012906236858,0.910245305505224,376,23
0.827480407325306,1.05855563473189,0.942749690262339,2.14324425460982,569,32
1.56506756785082,1.63634285325187,0.643909787171252,2.58289458090814,2353,72
0.751892647359425,0.684071190479025,0.811088903961885,0.982441309944216,435,63
1.00657601269573,0.970994602864871,0.99548510326886,1.20893951393715,1576,193
0.857168137138676,0.438243145138032,0.749924479022937,2.70342262191227,1299,50
1.77387995361095,1.99661705475696,2.48585274838767,4.44294947483114,1409,50
1.10355194214837,0.951449203073817,1.00532925476196,1.15368179573165,2415,64
0.885602996076975,0.4811211972025,0.731892305322825,1.61125671577912,679,36
0.667069320960772,0.666821663871897,0.667793201506039,0.682388495490592,192,18
1.36770563066295,1.36762234858872,1.27409021969957,1.56611941440017,10821,528
0.764687040985569,0.458693109941213,0.893628976262431,1.30142391587255,312,37
1.100862351175,1.24006749188406,1.16213304101711,1.32941866318518,1346,26
1.36236362640574,1.43909001472175,2.14283134601697,2.98172909970122,894630,68148
4.21900107793727,1.41877251794731,2.45799589336278,4.70857619347061,19355274,3858091
0.819451215454729,0.75322546174408,0.671869268227757,0.822587196374034,249,31
1.7634608029732,0.490655006624646,0.646028774473134,3.56982109409556,1417,96
0.462798243293009,0.79743364652786,0.594690016520579,3.93849212784703,523,42
2.17110672090543,1.2945106231457,1.05647015161891,3.0541441499933,3806,76
0.862426736856546,1.30341777868183,0.787300527929985,2.03948410127483,734,74
1.2198931978945,1.19567316373651,0.896420850418024,2.38333467219452,6641,236
0.654915265587008,0.63131661285527,0.638582206845159,0.679711551357043,285,45
1.04633570590051,0.960956844274258,1.02545667042691,1.08981310805115,1158,26
1.21670195618662,1.07415397988179,1.19990000692372,1.48408591245686,31470,993
1.23960162419724,1.0045243311361,1.16464259686564,1.34301326141474,1008,27
0.823575605882913,1.36545928850265,1.19018446512275,2.08341291163874,4958,135
0.956864577541114,1.00715193419815,0.840640802062372,1.26821765387462,2525,112
0.728278171744056,0.689892949113673,0.688176824528353,0.801266676937252,337,57
1.176361789661,1.26306897801547,0.938753641584409,1.70661888724788,6737,199
1.07712346426203,1.00806222925066,1.03653436226184,1.11177455646391,1627,41
1.10224743835273,1.24418146515279,1.32721130603828,1.63462096282127,3259,92
1.26837992572445,0.883708369932168,0.823859971834088,1.89908939206001,2508,60
1.21597654255074,1.12251645298091,1.29668096879882,1.36113627466709,10733,298
0.748605686124811,1.38807486165411,0.872977108327221,1.76781995792255,691,44
0.999060220479046,1.55537196626039,0.454180788788022,1.87587536840766,808,47
1.35597732316892,1.33648835450745,1.40848544846125,1.82728899765091,74917,4128
0.790932848313136,1.01902378660154,0.927346797228519,2.97055746776039,15165,531
0.854616403845726,0.80288216020378,0.904205017018392,0.907563978885293,508,84
0.758760135896964,0.457305402338508,0.777566075107797,1.16747351254421,198,19
1.2075157548948,1.25923609092938,1.32266294937753,1.65749586350915,7219,174
1.31290627097093,1.81605311096223,1.39617344527643,2.52848311879645,244986,59330
1.82806432816923,1.89568161212105,1.74283194879002,2.09457677225984,10335759,1388808
2.02143137210942,0.560966756024465,1.14681645538462,2.03642668541603,788,55
0.495810137612753,0.733872354351717,0.785519196180061,1.14571942043076,376,50
2.29650551153202,1.68577323202427,1.54863969676349,2.71950071903303,5374846,452881
0.530462629044496,0.463240428922073,1.61030815656198,16.9392467634277,49866,2703
1.19625393733434,1.36958704973422,1.26251035513343,1.70391004517859,22183,832
0.528610931591677,0.543426483781792,0.518344660659769,0.660751705825366,230,27
1.54576196602245,1.55741334489168,1.20056572865854,2.86617001455364,4709,200
2.35398478444274,1.02732160560354,0.314121207341118,8.07888556566475,1583,211
0.834947631269879,0.753926602473806,0.802740714890778,0.914727486667434,312,15
0.774898985524269,0.616123022721087,0.679677852492046,1.00434276342053,457,39
0.759937019035324,0.583230969922888,1.3012197800797,4.20369575469883,476,41
0.915982413271056,0.89863235101559,0.90144992751053,1.18908094537707,747,18
0.720057317966573,0.555806970955869,0.409763347604402,1.6229574278466,307,31
1.17341532694636,1.16461507628172,1.04596940078957,1.77926718058409,13761,973
0.713293655966742,0.668114616120307,0.696962136046753,0.770397092234295,212,15
1.31694223501019,1.42189208417778,1.32288754909326,1.4491530328846,36347,6296
0.548334601251422,0.763793842818783,0.659128496759924,1.09848596023416,193,26
1.0221063574283,1.02249233389885,0.774552015891926,1.23865167084143,745,32
0.952442944514737,1.18012504857821,1.15420940945134,1.42932118628422,2435,219
1.77269112888183,1.74733273704238,1.77437636944277,1.7962231322278,4320694,906461
0.528708018886846,0.47073787899202,0.622619618897058,0.659915296192698,186,21
0.984770198851952,1.67505115706332,1.19956682883226,3.35250904266441,220694,10427
1.0841165150253,1.73657240186765,0.938048663053068,2.5489401255647,23134,1021
2.08582030766119,3.43459464428511,0.849874564781661,5.99702625144268,822,58
0.861913828788047,0.870287810546914,0.863774514163535,0.909183571238291,645,34
0.893090881837642,0.88694698522482,0.890950394184173,0.910292905973674,891,35
1.25746050032762,1.22492142130016,1.22967646298118,1.27402843148646,11791,418
1.05837353033622,1.05442044416436,1.04703072148631,1.08062518553503,2735,45
1.1974032971012,1.2692906532799,1.14184679907987,1.37398290624039,4063,122
0.999045854654371,1.06619884204927,1.02779217954163,1.12531648526711,1403,34
0.809886507187769,0.753311830337091,0.74395301091483,0.887209769366598,450,25
1.11205944463169,0.730730856424869,0.576791165078787,2.57354621335985,1854,30
0.697379433142922,0.584348027332132,1.27405138870637,1.27405138870637,310,17
0.701646307963032,0.88034168488358,0.798515148355757,0.899737387092103,569,55
0.908729207979921,1.01990428699426,1.25441343850263,1.42510874231874,1666,73
1.51712400283807,1.53838381317004,1.5557642937666,1.67114863875232,206808,11985
1.12610130138552,0.888425007023784,0.90965337663453,1.16630321257142,1600,52
1.4500598885534,0.501748958710355,0.724522739133466,2.80604442249705,751,27
0.767982249443376,0.772285741158856,0.773948745741016,0.799396973367965,250,23
0.599663658361485,0.700773284506625,0.721162484897147,1.72017694194793,219,22
1.08581147695969,1.11036952169021,1.13536582384956,1.23234102456516,3733,143
0.743771370725165,0.621544509668544,0.580670147448308,1.43275278170451,228,18
2.67812076107912,1.25494533274887,0.839280317039763,4.53826912688289,209538,133346
1.25922056644481,1.30020437545331,1.43104659005908,1.56807636049945,16902,1928
1.89700986825302,1.64612782008384,1.93538048317672,2.03971013082056,19449,1093
1.06380460753267,1.01363267893097,1.04488315052293,1.25993752375053,3862,75
2.21031939858759,0.672528741730563,2.32393197957113,8.12214947842458,153380,14780
0.472976205758929,0.462710786906407,0.627674072568763,1.55098087222578,235,17
0.703592138909046,3.15170199025283,0.206494959498367,4.97788581953456,7682,449
0.270461750815285,0.32458322481459,0.609381543812333,0.796217344588988,207,33
1.11840782799242,1.52381818211125,0.861253384281918,2.43561253541695,8799,169
1.06348845481967,0.741007181230514,0.974303396921962,2.47647579271752,41872,1808
0.899148335366378,1.16373900034068,1.40523386386543,1.78075852328999,938,21
1.16931359029817,1.0861094652776,0.877141716623127,1.23591259976332,1480,71
1.21209485537076,1.07706152455505,1.05674890381349,1.36530618491321,2109,63
0.944969050023696,0.840537185348868,0.913952596365117,1.3209809494924,626,16
0.898980472211245,1.19023731706314,1.24716711700907,1.29338908646752,1022,20
1.31239824131601,1.15279164024275,1.17049468276145,1.85316346377987,29999,2002
1.37316284082307,1.29166403481934,1.34618077078474,1.38328011228363,13367,435
1.20857744886669,1.07566381242099,1.30331570100416,1.70625945492417,23625,1097
1.41498918377541,0.85521068716097,1.23879000488285,2.128450677474,17695,568
0.779067244291882,0.967317858329338,0.734508339463703,1.89960216834381,995,42
0.533814472935239,0.68918716521183,0.712359766200273,0.967379776904335,243,22
0.656779066408427,0.692653638475412,0.687293394735319,1.00303139136896,426,22
2.65303641594661,1.98029028841268,1.15733569047881,5.7385374700651,76967227,7267240
0.828179869424763,1.20362469408922,1.36841539707008,2.03233206494745,1645,167
0.972215641262917,1.07844029768615,0.849875549307728,1.46311199008613,1032,34
0.774887380247568,1.25917179549759,1.05638553547555,2.48378736419251,3077,93
1.21961874629665,0.95046832921857,1.06925559193016,1.7496047597208,1251,29
0.842730839083474,0.744720315559684,0.853776712147151,1.13700517449792,729,23
1.43660858531854,1.43478950542531,1.43809795547818,1.47360634358889,154343,8094
1.30291961295742,1.11342216323886,1.05438207269904,1.59545399160015,3544,88
1.06103877028127,1.52215142729179,1.03194791447806,3.43875973214045,900,31
0.644821577256888,0.847155965018262,0.449505936715545,1.49181867940246,644,44
1.1898167893702,1.31914172009201,1.43446854177938,1.67860330481842,22207,1143
0.746457251319177,0.649869308447909,0.812712723198228,5.21084335463842,5069,197
1.32031621264885,0.912203090686611,1.19563920449489,1.82675483278232,6113,99
0.146227023398102,1.95496427489009,3.76206466435621,21.0869880423882,91022053,12519986
0.961260750313471,1.29480684413603,1.14581005056179,1.36653956239435,7125,121
1.28361180264595,0.572220791583713,1.97782425617556,3.63042023714605,6698,821
1.07874762927262,1.08489093554356,1.06991933510842,1.13665364199999,3027,135
1.61078746692699,1.61029839655236,1.6107485102909,1.61323956948283,612191,62905
0.629332114841263,0.581856092339603,1.26610350370156,3.13925414634569,976,31
1.21909690063004,1.06920038975203,1.12797479495046,1.22092313191077,6063,187
1.05424771735946,0.373227744735815,3.14358676245297,9.35424798789251,109,26
0.645916507572498,0.709093466800077,0.585759156442978,0.918126448468683,411,32
0.896330237882729,1.11259213004464,1.2596487201961,1.55167560998651,2419,68
0.825346561698356,0.783101159090259,0.830863090004325,0.876616251188021,368,25
0.937202293264165,0.914054914049667,0.922125351173189,0.937258295879371,1034,58
1.86258288455969,1.62357974618028,1.79618244449925,3.52301904264077,42540941,4787188
1.64051195701666,3.79959637017517,1.3607646845619,7.97420302529148,6485178,258077
0.340724640112958,1.19782637893791,0.593778422739191,1.53202240573878,410,18
0.732764979027915,0.76201521619953,0.783803877549645,0.870843284772464,243,46
0.927329659079381,0.981285696860121,0.827684478201623,2.78147563278786,3144,67
0.958342134640145,1.03753429174283,0.922224030633445,1.40168021074726,642,27
0.830952337484157,0.797936965570274,0.811628120574011,0.895727322274771,401,35
1.85656234599912,2.03081856712109,1.71148328817983,2.07490086243986,4188591,300370
5.13190916417156,0.958208005365459,2.14448383593061,5.13190916417156,1365868,164270
1.70109118964826,1.68832964410545,1.6958373449725,1.72348917859047,1697313,184759
0.740490956827008,0.948439600306861,0.992402750736761,1.29931877925304,502,19
0.846554233345652,2.5261332275604,0.775846656375396,2.64724838694081,12941,314
1.17417770196173,0.778946583570765,0.912331550042737,1.21037231495649,1281,23
1.19495559825886,0.962927488402809,1.12309832269677,1.84098988413987,900,41
0.858877870113791,0.94341864443848,0.406673803663283,3.41313516703025,4124,170
0.988747247395893,1.40884228101971,0.929064624067059,2.29966753997038,4897,234
0.645360539097992,0.638853008410862,0.645607333056988,0.655407066732647,358,90
0.577445340318361,0.593907569096327,0.653160414154325,0.718963459366697,179,31
1.84791709318558,1.94289396795649,1.95968921418215,2.52374006158551,23794467,6112046
1.10360926230449,2.04875315654508,1.94608260534077,3.70812064378782,4996142,463935
1.28912516230759,1.25562888887138,1.2758608052175,1.82265961004567,36746,1233
0.786287066996878,0.824386080933443,0.792691148427209,0.866654332243857,697,55
0.797027840243024,0.875778792999852,0.804272349383421,1.02500753611036,456,44
1.11376829233744,0.892464589026837,1.06236674968935,1.54076162196022,5267,148
1.36660846891083,1.62014749519377,1.3281881395582,1.95319966636484,24815,2932
0.753366323328408,0.909969547579942,0.850619126533568,1.12876581870047,639,21
0.666964101742077,0.681806007763819,0.690908283809943,0.770188195608417,343,29
0.789398077052075,0.774112222000112,0.806058799018553,1.36466241754566,312,29
0.903268600463388,0.729516676959166,0.785537069226718,1.08969600100795,825,32
1.15846840355439,0.900034255210097,0.994860727499786,2.16684100022013,5777,190
0.730785759756709,0.40106554539897,2.59865439657337,4.67095800856708,735,45
1.42509542263833,1.04084895756179,1.27979634173707,1.46285348994934,20158,3784
0.735351630406178,0.831148582633504,0.591635348663205,1.33531896533171,458,43
1.18772274020341,1.28441424997271,1.34105488082369,1.54635568713915,7934,260
1.06249116011499,1.20387051925189,0.970248618563023,1.51939146949862,2882,82
1.48819921783562,1.17785758413053,1.08206783824521,3.26856459779365,1802,110
1.10192864069761,1.05089179659086,1.08011790699437,1.16278631560995,3560,75
0.918290039612277,1.239594813473,1.27202629749524,2.37452944914164,4049,196
1.42068449333471,1.077595025233,1.78325849132728,2.55292183045777,98131,6267
1.66134349298218,1.46929424813127,1.56505442896827,1.99444169465911,202060,12521
1.47251124012233,1.50330807028197,1.68763149273929,2.66211714677054,560121,30069
5.03647198391214,0.222414372954263,0.57577350353551,9.66143775143671,19757,1172
0.691510074548811,0.575091536034189,0.715834842894314,0.917951040582974,319,37
1.01785342049734,0.547558522508614,0.378588429034824,3.1235311594588,11609,477
1.36435528526927,2.79414805015944,2.09236398523028,5.28885634455871,18036,1155
1.88846846391641,1.33662876358835,1.46511584761469,2.4013047502098,371500,27031
1.02831478142366,1.09250674895155,1.07088116792272,1.15155690265026,1588,31
0.787931634533502,0.693277854359373,1.14634375077265,1.538442908025,1447,33
0.971050178424639,1.16108199212482,1.19838017393039,1.36048616594813,5520,766
1.4696496342278,1.21332055327491,1.12370519785068,2.12049611351625,40258,4346
1.35558105414163,1.38224264414933,1.32249298488069,1.56682809934089,49549,2916
1.97837520609796,1.42608085773975,1.29483278899061,2.19101001494492,261449,14814
2.08940854100538,1.95813610090781,1.91193050507736,2.65878465710964,12709254,849290
1.20267581305568,1.18849677692298,0.954627408097559,1.4770381554209,3586,60
1.65346939748231,1.02727808908927,1.23305319702887,1.8837084855898,21322,1428
2.26035266211564,0.948316914473423,0.866294985977562,5.75235898129533,3579,226
1.63275514851558,1.80036781892236,1.26660898947461,3.22100743610619,296615,13561
0.67433274986148,0.639467821245968,0.547517213785387,1.04416236695832,347,44
0.700398808303445,0.731718952679754,0.725026171900132,0.744999956421907,445,32
0.976537812838466,1.03551915154256,0.971085975779743,1.04581050757481,1418,40
1.21041434981949,1.16408937797914,1.16485030248022,1.27747182912485,9062,502
1.13621754527924,1.14761629961051,1.13387755025979,1.15412861630001,6246,130
1.21052194485716,1.05673238057111,1.55277284958233,4.03827102758772,597960,39854
1.26775382114097,1.30818624000863,1.12528060917311,1.45673691505452,8617,356
0.810602782507378,4.23121694096728,0.949313830754447,4.72396403586351,9881,874
0.784989381656204,0.765468544435439,0.804640885317323,0.846892273256666,385,22
1.20728859663794,1.18535915210878,0.731966342018082,1.59824115624948,1307,35
0.654571188804153,0.649600183429962,0.645188955959422,0.663187806004915,307,27
2.60388839943334,2.37508110805,2.79658031240119,4.23790155288429,8518008,1739443
1.05899300452817,1.06104883026474,1.06429943541183,1.07061259729824,3203,269
0.933189086288124,0.87491027227679,0.866154529245004,1.85926285794317,854,61
1.30524863293196,3.50424317464336,0.92367881933679,6.19770545807236,686248,81006
0.671487271006815,0.445260587679978,0.559987653286192,0.968722615203809,420,52
0.917789280189327,0.47929040752087,0.853734839505155,1.80684024009516,810,58
0.722910238060773,0.83420610043849,1.0617389100927,1.46166559831767,537,45
0.754037602736194,0.569648462062134,0.721280438310609,1.00150075547201,370,55
1.24681945418867,1.17571057092235,1.03816625888253,1.60447223152578,15651,1124
0.803611331000788,0.818538982057022,0.786142020638095,0.875426149110682,502,16
1.0758773114585,1.11967919330457,0.943813625155068,1.22226281770372,1827,54
1.02472601687599,1.06781620928165,0.928384635694258,2.04600338744173,6313,806
0.835269964828274,0.75434232598208,0.850746270462183,1.30771309860906,915,57
1.34215669677256,1.31053711981297,1.27579270113512,1.77232429290524,41283,1551
1.37568763908231,1.2148987517997,1.14874146524976,1.70954459694344,54449,6601
0.925096838005607,0.809840744058412,0.954039645447573,1.27874386961302,550,37
1.19104824439976,1.42046616311604,1.52690824313856,3.25768796757408,53173,2856
1.20289099073421,0.997902399581161,0.977601890693345,1.32077786463135,1458,47
1.18692482198537,1.35079095052764,1.43064534012513,1.69300436032655,40569,1362
0.934814460050014,0.938087192883077,0.936660416627341,0.943982920043478,992,31
1.4931155690919,1.76671634947068,1.86724250952776,2.09179911839581,135865,27185
1.79739968302022,1.76472407168335,1.05908481390969,2.16456019479396,158083,8741
0.608615607349356,0.790406922227512,0.883683529571689,1.48397815098858,274,17
0.587358521418383,0.727660135213962,0.87695097832252,1.23754966237838,634,34
1.43408378810154,1.64577286877014,1.45596360435547,2.31256069832795,259424,37908
1.40011707424064,1.11968058985736,0.974798120418416,1.88096611539025,4792,87
1.35617916965007,1.4255627522853,1.38117701399578,1.51285028088603,58885,2326
0.44712346777721,1.13310138796552,0.75018614069045,1.46189988136683,394,29
0.701840643490496,1.50035086263562,3.78896093253464,8.05899440815727,44401,6413
0.405432885841915,0.324256863914767,0.682221478999961,1.03961788545794,200,43
0.688256091275638,0.774243497385129,1.09762539871834,2.11780132689203,633,28
1.10158539577831,1.22550048786938,0.948822382101836,1.4828258382856,10000,309
0.920524058511095,1.90080143082968,1.19940855869442,2.57428463949341,17254,421
0.984414558820209,1.55090117159432,1.17987091956212,1.55090117159432,602,32
0.670275605953525,0.671606634780746,0.672062189965569,0.674518195852087,184,15
1.09038799231356,1.06953258110939,1.09119045359519,1.36146744121678,4839,125
1.01725319554528,1.08238977272328,1.06447290027986,1.62776776558711,4787,145
1.07204410351873,1.02138410574579,1.14174964072649,1.75061883295371,15294,504
1.09341022648308,0.551171917636876,1.25542202002004,2.2866440965407,3709,150
1.30337569917821,1.26725549650636,1.26192067093782,1.44652467440597,10380,4231
1.27372487833609,1.30759089169565,1.35766844897854,1.39867871747962,19415,2390
1.0667570793093,0.458475396113006,0.912905889267431,2.58605513903413,4046,59
1.8836077840232,1.54284539604438,2.3825969928087,3.61489053231784,464605,91124
0.693377728968011,1.10253411346792,0.454060841209832,1.67288805375377,278,15
0.922465839824361,0.890307210343551,0.916841368798062,0.951622362002461,397,48
0.634347907715661,0.679920882535877,0.882399252983349,1.37823478031171,488,44
1.08489532481502,1.08361870043602,1.08661380085847,1.08932027928197,4523,278
1.18698392154423,1.17814142898619,1.25375135040017,1.30709239795346,18741,963
1.96507716401988,1.69063645651089,1.00951298116159,3.04704374080128,2528,71
0.499868212484795,0.512471498241898,0.574705659647864,0.693059500757666,285,44
1.32747071764785,1.30031487262063,1.29541263013103,2.93221519909268,42990,2046
1.07523894050526,1.08851783911126,1.08733677828477,1.13619034309661,4309,119
0.572635753478398,1.00169853575419,1.22028205019756,1.81934860645309,616,24
0.889419028847695,0.513380662102874,1.03447044458488,2.13671977281211,397,45
1.36258579881063,2.4528361724289,0.482465532481206,4.04501441565795,18687,801
0.66949874915284,0.702798162943782,0.523701259039963,1.1634027059855,393,62
1.03357340215501,1.08901330848781,1.67288000294352,2.72021847135895,7389,287
0.615141014913203,0.660621074396487,0.737990176961369,0.854824906479526,286,29
1.01624619734869,1.01001731487693,1.10770903930286,1.16635978309537,2351,48
1.1466819483592,1.08388529925829,1.10825186124496,1.1630661819345,3622,64
1.17556248722908,1.3676823725997,1.13119733280198,1.93828883472867,14452,454
1.01631455228871,0.844295487513669,0.775717327748024,1.89774274133487,2681,150
0.786822496960903,0.818477929574303,0.834129752773759,1.06117432647258,646,52
1.03077083828827,1.19593076985733,1.11766334764054,1.3743329275659,2919,62
0.736419530772096,0.82076310689754,0.703474356914522,1.64068378610453,630,20
0.712070752982812,0.970854996254186,1.2102621676464,2.80527569909914,726,137
1.0577298255457,1.10301272681971,2.095532747856,2.62473381613432,2520,111
2.05725305229471,1.25277020846069,1.77000256614146,2.86578877625592,17153,912
1.53844335433266,0.608950054054568,1.11825786185313,2.05142612113153,4458,72
1.4197105549017,1.30069814568246,1.21079991545461,2.03426615706101,96872,3219
0.634594258106363,0.606034684474691,0.604613844110272,0.844119409849243,255,79
0.774702485562728,0.764211475848107,0.792905784774577,0.913111686379356,423,27
1.43086207855568,1.26993600039875,1.46653294552508,1.78370399026389,5866,256
1.27545347350401,1.31139085979252,1.41385944507751,1.58541168350267,20193,3349
1.30403635683453,1.30001687648169,1.32709885460435,1.32709885460435,16952,1491
1.16462083894794,0.590552406233261,0.568154569034649,1.57237370006946,426,33
1.2895959774539,0.760169331884547,0.945549362752352,1.9898819434867,5860,158
1.11038205404855,0.74592609022703,8.5585361732429,8.5585361732429,2837,74
0.934130993196273,0.861180557827325,1.27295854289131,1.6595696525797,385,25
0.829642610709666,0.897264239773137,0.796507550493383,1.31378905913549,1793,29
0.817902334467722,0.578729905404005,0.626922720718911,1.14278178280313,274,29
0.930102090340304,1.19610746813774,1.30810743104001,1.91733032209625,2006,46
2.72307250801937,2.02550317144111,2.50524747254761,4.51630779076208,27586632,3548722
1.54979272720298,1.32849720232925,0.993185457675126,3.24192256075272,62879,2606
0.780977818992052,0.810624757213082,0.855507784834603,0.913781949437784,1003,86
1.08457662399105,0.903582343812746,1.34912691142484,3.53724876685347,1605,32
0.993073785376853,1.5633685400054,1.01363277263417,1.91442160466041,1946,42
1.08489260794841,0.946431974852436,1.29073826253347,1.52199717588934,3482,97
0.598788914603418,0.617418334899682,0.624273037256474,0.648609511870426,269,41
0.659794653385103,0.859357681396584,0.846311448045818,2.3851693412567,3434,153
0.524205613596778,0.361892789547803,0.749790016773016,1.66362346461277,307,28
2.03528742831426,1.58945692014418,1.08391589512283,3.35290126601331,1446962,128179
1.44053066170651,1.47108304208985,1.58638731459174,1.9503699333934,911505,81132
0.644703185156815,0.509347952647123,0.659935157797779,0.829270557069047,343,47
0.982759638938336,0.995367341279827,1.04554297777193,2.80189821800264,300,49
0.96777514391577,0.980645314437155,1.08049985744818,1.30604421463795,3079,84
0.646911341410539,0.517558405043447,0.992462681169547,1.750757551902,1951,31
1.07966620927326,2.20946885140689,1.35383840779402,2.33472491510806,3647,59
0.619032997745213,0.573771211073613,0.663394721774634,0.763383281932047,290,34
1.87227850174507,2.92877152392823,3.92995771722873,5.18897644794709,644373,56418
0.87799443499488,0.482851689272139,0.862298047062339,1.97299924284176,319,68
1.1893550107026,1.24489487189228,1.26021507459993,1.49429986569311,15795,1986
0.899161016683846,1.02995921437718,0.895662893815688,1.27903186699826,821,62
0.969521436950358,0.939708757738677,0.951756884468633,1.54445669421349,1579,41
0.970272657126396,0.989725444392873,1.17765529027175,1.57015518681729,656,18
0.741877503746617,0.651873188671916,0.678440432594605,0.850515947478392,341,30
0.750701820829381,0.75322870911453,0.726842715292564,0.803220635799568,349,17
0.966679798693996,0.996317210861148,0.882135314825865,1.13755743568135,1281,28
1.8763291367593,0.483026609504911,0.611438770341547,3.33261053825867,9052,305
0.970083289555083,0.809884312840442,1.14930086298272,1.30890501226894,1153,21
0.992742554998893,1.16091371926093,0.862585924907476,1.25165239762561,267,22
1.05620890986583,1.56277533389062,2.2542185588192,9.80452469950089,64880,4070
2.67328042101742,1.97518838402182,0.954498651903764,6.52366434732347,4385070,404362
1.07726259341451,0.898685173604098,0.968327937430322,1.24250648989356,775,46
0.937719937627403,0.818820694488674,0.89528614003108,1.09104700041975,1411,67
0.526783659288448,0.559704243315531,0.55601216327402,0.890574554391362,267,33
0.500807189257575,0.500377025012275,0.500191499811723,0.501522697560533,140,23
1.24221641638515,1.42719045076637,1.87562019356721,3.36302203552289,123059,5814
1.23654312334338,1.16018097171959,1.21973656487465,1.33231783284188,15415,565
1.23563695839979,1.44718620113382,1.19440975916445,1.78873248869028,70017,4883
5.23449793870462,0.745176834858289,0.116188319737441,22.9223630703002,412547311,16993329
2.40008657729087,2.07598911890127,2.08307126423864,3.48935647267935,51698798,5784957
0.949038213708866,0.992541798533952,0.957010035692017,1.283964182531,1032,31
0.884872083053947,0.761944338539304,0.821603607322351,1.32370261710303,1100,32
0.464607459203788,0.405433887895675,1.4112447729722,2.19045184768154,2812,94
1.02597212549647,1.42990581056478,1.55198112265248,2.57414163917792,980008,76937
1.1504633384812,1.52506949226544,0.656446003665424,1.73975791145162,3973,302
0.75341560391196,0.895520033898501,0.858500332953775,1.49419351633405,1137,38
1.68402120041247,1.796778167897,1.71159694791447,1.89721891851787,1629582,99606
1.49925355530942,1.54012551769849,1.93009525345167,2.71543844597842,2940624,224839
0.582171250388817,0.904688643961507,0.698024241613895,1.6845762419301,343,20
1.39286421134493,1.7543817075986,1.48016370627856,1.81488406231017,255413,15435
0.99478215953041,0.998875035966208,0.860959166100389,1.87289570877573,4020,124
1.60396182776718,1.88089501309906,1.6286241840301,2.68428892693979,4067085,244049
1.44044563035292,0.745068655907039,0.966368040039774,1.67984586340807,1793,31
0.813405597901323,0.814859420709161,0.667740883590603,1.27516204799217,793,28
0.718659177137467,0.623368944814144,0.675104369422105,1.00675786599748,237,16
1.26053819818463,1.25483389636264,1.20369194648319,1.31622495414401,25956,828
0.797980818417223,0.828975937387674,0.894238620560682,1.27422481024706,455,20
0.900984775441456,1.21143760835187,0.688365104940271,2.3357109571195,17043,666
1.45178931060168,1.07662260224233,1.5449853498399,2.65473826275238,318484,16600
0.871764948366782,0.636017081501323,0.532207144281937,1.23494497355903,242,16
0.843725261265074,0.976196371612335,0.524137955667354,1.63311644672597,138,12
0.50407494352057,0.960482003193174,0.574707558384172,1.86404507893125,386,28
0.933667900430464,0.931495496582014,0.928559095209369,0.972513745416749,824,14
0.879338424227631,0.930447476104817,0.591258812815831,1.46352137943036,745,51
3.63340907871909,0.5988720436427,0.8539564088172,3.63340907871909,3578,133
1.15309012699887,1.16423110619527,1.06992454306057,1.22241325095313,6393,117
1.07991164662425,0.683749326275432,1.06924157675915,2.87596776136119,4474,78
1.04590776363981,1.53436006181556,0.962053276213832,2.19983799790361,4093,127
1.01772169157356,1.34710041821632,1.07405378693681,2.655777028993,23363,941
1.65748979837792,1.09358380773826,1.54202292021367,3.23805087369191,63310,7051
0.952259634564804,1.10860441779403,1.04407722468798,1.34322282559127,2312,75
2.279044968336,1.34965143186847,0.928659032917773,3.59413119469025,2567,67
0.822308526103585,0.629803670757444,0.663942009173893,0.943536423804416,418,42
0.936476952078203,0.888898552227402,1.10160884008276,1.17990640278613,1809,52
2.0864719987831,2.96432136145258,1.08415424671398,5.79313134481151,496092927,47459741
0.83462014863925,0.745199953478138,0.925290721206036,1.41130307699574,902,106
1.09678433396664,2.18257655209689,0.772745758373453,3.81942536465056,81007,8021
1.49139318986674,0.828148193544871,0.730345785103688,1.87228751403001,1282,32
0.940806039528258,0.995675368101276,0.931870756865185,1.07230138216512,1256,52
0.995516100960867,0.479429827031873,0.544153197770196,1.39379808963778,354,16
0.998320051155226,0.976080102321736,1.01840428384213,1.05090541186393,2484,39
1.20894891577223,1.23577496095634,1.23523692001439,1.28883067310492,16150,1030
1.93029629717976,1.22015207172768,1.08575085700325,2.49655514450989,68347,4420
0.81950066692349,0.870010208937301,0.530629835380055,9.37438256386801,3121,127
0.554668302592768,0.534298354067606,0.537355399498941,0.611879474179526,217,28
0.963941126649612,1.08885215496774,1.4965417327815,3.01067236299233,38995,2958
0.764683849671782,0.500511539799886,1.04342847333815,1.98871519635268,564,34
0.961223762286389,0.984616077657774,1.04922219324113,1.08820264937428,1147,44
0.917516488031786,0.83078162519057,0.912495035924525,1.16768957365292,1359,46
0.955790729388915,0.968886907366667,0.974732071398704,1.02275240622944,1635,39
0.505628199129514,1.03245320666094,1.13473229298226,2.27465219747605,4881,169
0.96578541055199,1.0466279533902,0.968496281561192,1.27286396490581,1194,46
0.929358467145677,0.741930415801832,0.754817983146211,0.992314907180759,413,20
2.00564767149656,1.61293974582133,1.32012761086753,2.99321711724272,9574,224
1.09313364610807,1.77103401317129,1.49020720607091,2.3639330251505,124925,6108
1.38402271348631,0.782567121459622,0.964991654211057,2.39877055258479,3942,88
1.56595381666751,0.710519301634748,2.11183038446835,4.505726424833,78333,4087
1.60706293859646,0.878296414973897,0.849694241508435,4.80326842766467,12823,1036
0.901255115273678,0.861150959243965,0.879356772523061,0.910386811853437,984,32
1.97900550946325,2.11081185143584,1.74077195859925,4.70491611872462,8175681,775906
0.675655588189052,1.17152480548606,1.05775916127386,1.72021121894982,1575,29
0.752342046001793,0.859130958879693,0.790059430634979,1.24818674780006,529,22
1.15472333834881,1.28439518373574,1.07189376604469,1.83827804624591,18263,556
1.02438024005506,1.53711834769133,1.07894185071271,2.28316777519707,360682,24536
1.04279894347135,0.59974528525417,1.15348665459742,1.73656052343869,408,287
0.919047114883139,0.584260265801424,0.71978681470736,2.47295737736184,712,18
1.31708513868326,0.6647830635446,0.708589945835245,2.23929753164823,693,39
1.61834674059901,1.38524342694474,1.29030891812192,2.45720098936033,74949,4282
1.17244626711449,0.66957563090229,1.0815294721982,1.51343660456895,1413,23
1.10557524437023,1.17833360966238,1.23034051198909,1.3214858818166,7194,254
0.829297485184137,0.601536222574637,0.921290920556511,1.90154333004111,547,14
0.663175800346868,0.579755078687964,0.515129465617359,2.0172457597096,276,36
0.682198260475492,1.31218225855009,0.86118833697577,1.31218225855009,685,39
1.03165524588866,2.08657167796141,1.07893991891956,2.43057221410172,2478,58
1.23925921115994,1.92467253696233,1.11879050142732,1.92467253696233,10413,310
0.92013005971456,1.06118521047266,1.1065455896775,1.34415253913688,2417,41
2.41478250721001,0.318156747499628,0.124118780679814,2.70045427641465,1281,121
0.608404163963818,2.2697878383394,0.728372959472709,2.732497685081,355558,17311
0.877936006402441,0.903522428661358,0.854019350567124,1.23327560066481,1201,245
1.23705297572314,1.17704241829254,1.24024715748375,1.70272174330004,22381,698
1.45141527836248,1.05409483968132,1.55055240947807,2.34943866879057,18727,1334
1.2473242608259,0.977906206949445,0.964954205189963,2.54357237598076,29837,1413
1.11681024932282,0.868033309053624,0.889399089338062,1.58123666534638,442,88
1.50725831996039,1.39791321017742,1.24732792969059,1.64299445177535,91278,6754
1.02016195390664,1.00318447950563,0.973853308482993,1.45891292716283,1643,34
1.04126759151787,0.837406398467041,1.10681255093536,1.60041510788235,2100,45
1.96413387518743,1.2230070612524,1.30251358008021,1.96413387518743,2367,35
1.20470885785607,3.33623734870528,0.33777232069834,4.09777072696713,6550,368
0.787381311840357,0.765513244643145,0.809497208229415,0.844757466926809,425,29
1.04631455860293,1.29787809107464,0.707730902469264,2.12793428080346,7335,197
1.05372543738702,0.715118552147418,0.724738992556324,1.44635498892211,747,29
0.664723679056655,0.672484107851396,0.667158548692094,0.849155825582204,352,28
0.982876760655625,1.07704824389613,1.05404274166582,1.20551921647276,1893,148
0.669225766271445,0.695548204750307,0.68158390148613,0.748997553139412,338,30
0.823444653810523,0.825130864379129,1.0587739397981,1.21531062793378,1087,32
0.872929423323546,0.726039703296596,0.654852700110614,1.33745229735449,582,25
0.531454151985469,0.775090867576446,1.61810189654691,2.80643543260939,8986,347
0.53620736048825,0.575731986909528,0.559507668127362,0.703131801988892,203,30
0.998426390708371,0.971363037641568,1.07589362038713,1.27096809511192,3646,62
1.47226503964253,2.12678204102232,1.9041435075992,3.14666574663962,283635,38089
1.13114471238513,1.13554197991916,1.1324970530403,1.19962754058959,6093,151
1.13834331826954,0.744743605268542,0.736421824917096,1.84683645987894,217,17
1.45990270432369,1.57226057886679,1.4843751819816,1.64072136554206,442192,23460
0.886371834706792,0.860743474950247,0.913680513698526,0.971857470376197,715,40
1.55566176057876,1.34577291236896,0.763378820143338,1.98407100096135,25865,1215
0.434511978734829,0.800833272238606,1.2570995649603,2.25149315644644,1172,97
1.12404824916324,1.39272927199878,1.13696297901053,1.89059955177241,24656,1475
0.977085124309799,1.87894391983019,1.05541874991109,2.03378801855291,2291,40
0.708666684760278,0.831324352729209,0.688628324104104,1.51961408542161,476,35
0.616747787234824,0.700645055037959,0.653455946022023,0.928429847007703,336,24
1.27961478063247,0.996060172101967,0.945880956739298,1.41334917816588,1720,35
2.10878871527856,1.37443713127366,2.73270778398344,8.40514744606524,73381,5597
0.921865613788839,1.22123142362255,2.04864104973142,2.56793289192468,471194,61642
0.741872153775206,0.552409926445061,0.868636448805804,2.06673781460414,1391,32
0.551723828260932,0.623660562895784,0.51388617613579,0.688850845055609,197,39
2.36592368469773,2.97128713729616,2.24009645705301,3.20657545755296,1550156276,208122141
1.75758822999345,1.73855797193184,1.51839245716468,1.93449088037446,527878,57740
2.22480791864636,1.60229491032473,1.0224227742775,2.22480791864636,217649,10191
0.540907649284072,0.781233232367681,1.02594488498502,2.85474735078835,2299,76
0.811766633335507,0.805769360693427,0.800845334865131,0.82621218835901,670,25
1.11467319649635,0.588503122281788,0.986629492239639,2.8352862944185,5421,229
1.01616673547422,1.92520828086678,0.780882910251371,6.81791373570057,83350,4855
0.863870301725539,0.916545539645156,1.40425559133547,1.490455402614,1906,50
0.586423634823567,0.670210283212395,0.774534614768221,0.976162533175897,278,17
1.17716103766356,1.20221431525938,1.32881193423963,1.45935558852095,12025,420
1.45293006777653,0.238974518656895,0.37182330596725,2.80184058294738,394,43
0.545745892389104,0.441183516132409,0.489119038447392,0.703221321429446,139,11
0.897714692636001,1.14322204124907,0.996181853195247,1.88873386113053,3132,55
0.959184544752988,1.39792993883773,1.16299192078031,3.05447816626511,157138,8587
0.909813440967142,0.936430304220503,0.929277129838355,0.94254279796854,723,32
0.786200295471586,0.733355836203421,2.12450610818417,2.89885319409453,849,32
1.11591852435192,1.38275970643538,1.01843021556385,2.24752056851563,55521,2667
0.613077907257517,0.684547314392379,0.756564758703958,1.79451624871419,254,22
0.735830671168092,0.797435534185082,0.737297515665989,1.17953640836748,685,31
1.08955243848851,1.05923039877989,1.1615098718818,1.59372599037202,3356,80
0.911212557729404,0.927101449749761,0.94348908730601,0.990665810322341,992,24
1.72591985971134,1.56938778685251,1.14868719034325,4.14912162240989,9946,429
1.30287164341339,2.18447664520263,1.24632260175152,3.02802474405942,1258,67
1.08343868456419,0.741037898378192,1.00994166364751,1.27436535183244,1719,40
0.379441440537553,0.619525572214894,0.638199617561898,4.01355528069297,1956,41
1.11380855474633,0.467289039392159,1.45140491092972,4.71834904878257,1243,63
0.741993421012578,0.728371798813122,0.728599304781666,0.753077592044945,428,121
0.815406796145734,0.811664290655145,0.821976004784999,0.829435233575217,743,68
1.69254970036457,1.48622172115482,1.62034420429966,2.51759995827062,1412043,207212
0.461354312642568,1.27195715675167,1.13447049429083,1.97229299405935,456,86
0.766245014617246,0.961554628035532,1.21969600476309,1.90281038928302,12771,335
1.22666005238344,1.41972435276489,1.16900094689884,1.64783375131305,35066,1299
0.712717825050004,0.550944731667044,0.743816948916108,1.02986760575836,256,47
0.638285732416419,0.616156003679043,0.685768311415514,0.900365304391691,515,114
0.911892460681601,0.899614852407291,1.02277252461599,1.21751423042707,1393,47
1.02031023679061,0.992044544406511,1.05817641871792,1.28968667276536,1318,109
0.820298840026368,0.970963277633186,0.76050168918884,1.75474955215505,468,45
1.42270710489004,1.05688242486962,0.971228062152509,1.79987826193589,8525,254
0.681314855966535,0.639607808788584,0.791010050056295,1.31207354565813,225,17
1.37509075806691,1.92166730855117,0.313242747111112,3.19882759423373,4589,120
0.690466036086648,0.632316741068687,0.940110438018744,1.34406984920868,454,26
0.794535224899569,0.888535606556222,1.04329606637523,1.04329606637523,282,20
1.13021997675352,1.07752311480583,1.07235276913214,1.20417141552366,3612,152
1.04601652928409,0.65962293008456,0.991563838587967,2.31965584580472,1164,63
0.826512000436834,0.788252670860711,0.834647083997177,1.06235084730068,468,65
0.732136913995915,0.732753566504514,0.722632822949927,0.749663968687289,537,37
0.614361480781469,0.708114788922487,0.45713882218691,1.24930489607553,194,17
1.15959611703084,0.926036651760464,0.901860931047496,1.86799739254359,1011,36
1.07910318104329,0.785199468195228,1.29281740632245,2.12910543882223,666,79
0.437319562123864,1.25441197345937,0.742673908197573,2.20745465438046,215,35
0.827217770504053,1.0701228461054,1.14978484003127,2.01842807627851,845,55
0.617996935948516,0.799127263543706,0.703030510134818,1.74683389668108,870,35
0.573381937652103,0.606183779501291,0.783354178914934,1.12676377921263,306,12
1.28031450035572,1.32449184205895,1.35689494239927,1.46461571933782,19436,904
0.557606899462411,1.0025719419809,1.25450375512932,1.99997533189441,1288,55
1.25946167838146,1.25925549336984,1.25912610645139,1.25962857651032,16542,507
1.38976653387895,1.33283494364483,1.44318321548982,1.5162393225083,66052,2412
3.13102593559651,1.74717026346883,0.991184788635346,3.66371652960022,689809,67974
0.864765373043943,1.00348741611904,0.699071308778805,1.2093867209305,593,66
0.523589903810416,0.670453092180853,0.952970197187652,2.51441624597057,975,85
1.26123383096835,0.970004345132212,1.28299722468491,3.21283019359377,13786,769
1.11630510968251,1.11392275828238,1.1212743880741,1.14257429363403,4890,128
1.48443390741043,1.21700864738747,1.06679156791686,2.16910820867661,3181,59
1.5452951512042,0.999566590492774,0.849193778654369,1.66463125303212,4673,100
1.14831734821909,1.09864583434803,1.01533262968675,1.67162017236001,1588,37
1.40821652388311,1.10419231233282,1.63493507918359,2.64356909354661,973743,67200
1.42371588834837,1.38803990811198,1.4631093254086,1.67723412899646,158599,10232
0.645501117246494,0.788369266026665,0.718721766832361,0.892987417378912,471,43
0.628435903286036,0.721336015912194,0.408224677141771,0.902631943318434,180,33
0.989972247088022,0.663543283430839,1.12039453894819,1.50210839602924,368,39
1.40506668444303,1.04864193474601,0.888129030739907,1.72513736903129,659,36
0.957635260961276,0.498998956255781,0.755234373667047,1.62744451744786,492,56
1.02933450543458,1.01672040028212,0.977265622127792,2.37793525849911,2336,61
1.44917425579638,1.09448895164494,2.19792314297845,2.26157996688618,1947,59
0.882020006717908,0.902591470490106,1.53824792604863,4.15972954481331,99762,4040
0.435402312937278,0.950431402779894,0.919378674472391,3.26134032859716,1117,38
1.27507605294763,1.36397141651535,1.27016546897762,1.41851072952134,14823,523
1.3447099366289,1.38929515745879,1.25375784547057,1.58135284499648,5295,124
0.566900379493285,1.11212595571191,0.238518139819971,2.23851261400016,164,22
1.6245841973273,2.82470951348521,2.32953557022714,5.37075461569899,33206792,3743581
0.700101596744367,0.919458501428316,0.799121567389219,1.28464562588054,706,39
1.04729184095631,0.544006511423039,0.412605264821247,2.94958956169825,7419,324
1.44446641743725,1.41897036953926,1.61281362960104,2.02998904327675,208055,12462
0.664979558997763,0.738369826834846,0.706285248687801,1.24138661884291,662,26
0.933744618890533,0.60232660130195,0.941143053841166,3.00867756800311,1574,35
1.05100212069756,1.00229439956489,0.782687845057751,2.09037644058739,6321,647
1.06619553135127,1.03672884896027,0.546366649524089,1.40008646380914,286,19
1.06930504333794,1.18685288141892,1.05076685874643,1.62557459580815,1996,65
0.56633808070917,0.787559815740873,0.788728888795851,0.998895198352541,487,30
0.786712595791909,0.911430045631874,0.917751221764942,1.09687675801485,801,143
0.930901412515484,1.15951647627361,1.34479372286322,1.80361336376364,326,29
0.667544218011821,0.384038200253451,0.659878086284683,1.74196492850677,318,29
1.05096045879736,0.98112503463744,0.528120297188997,2.13417862105782,521,21
1.32026546477564,1.30288739081239,1.4094706492255,1.80664646871051,41496,2662
0.898746460555341,1.26862650756939,0.661916240344856,3.30563945588153,16367,684
1.31516450236233,1.24786196689139,0.833551465784486,2.34125844090708,2611,40
1.07556968258919,1.1323814337003,1.08411932942754,1.22160130815115,2346,65
0.793082878350556,0.724081807071506,0.779625310467609,0.81169068298009,421,53
1.31585338315778,1.2852930897779,1.38435175613301,1.38435175613301,46206,1606
2.53363870452076,3.35329094299233,1.65303880229209,5.60345154465702,7936546,3870219
1.21029537448969,1.42220542011279,1.18094630183493,1.64516105473858,20852,651
0.981627463550113,1.01843541059973,0.975200879920552,1.12236457595091,3253,52
0.71895644830312,1.24942055490384,1.14587001307694,4.04388350606157,10822,482
0.843665578420253,1.18858358374829,1.90567819743433,4.61179867821194,720691,57860
1.25334985412654,1.23106275954681,1.20701723018795,1.27426326525522,14843,581
1.17859652597875,1.12570831924982,1.143637629564,1.32926707386203,3078,151
0.375453121144488,2.25326198907754,0.149699285522804,10.5719671666852,8451,373
0.504254425397392,0.549164856360984,0.553477149399919,0.745700527331128,256,37
0.86563550091441,0.954510314715291,0.96276377612531,1.03615557398466,665,19
1.60638184813498,1.42524654819615,1.40935137885704,1.96897297110965,63909,2991
1.16864942952382,1.1641612514144,1.19015764252334,1.19980655277006,7398,247
0.546188861523145,0.469212343629449,0.85033122741561,1.27238989396101,131,16
2.43656926462911,0.341171438552919,2.43743293850226,9.57530019291166,394,35
1.4463386762838,1.28419196208991,0.922188323392347,2.87325903130936,3528,80
0.894627952572422,0.920894895158659,0.91721790027302,1.23978103380234,1128,22
0.739765640793462,0.721951953725442,0.719337402533266,0.771512977614321,201,15
1.37328335264314,0.879956919630113,0.808122649012142,4.64207153166345,18054,1583
0.882340662544876,2.33539699425505,1.1518670614349,7.44700332384404,108157,11379
0.819263011447899,0.740216516641116,0.761561185166403,0.884341605866787,419,23
0.705463263414807,1.0284799022285,1.2961271443835,1.36311215322929,474,18
1.11051432446568,0.982162554268171,0.974420399861529,1.26782536879365,3136,52
0.63637865786824,0.632110932423065,0.621927261549828,0.639069519590651,334,49
1.65818817097674,1.35171455012108,1.28912191691593,1.96167296650373,102245,5047
1.25259717928605,1.42734653464786,1.16259795702165,2.08184349167183,310726,25202
0.844796478833428,0.841316857072012,0.848151609012176,0.879514628732657,628,18
0.715601384578557,0.761429976413224,1.36442811488569,4.940509832898,15540,1024
0.98907275575732,1.495361342447,1.46006621432134,3.36197991809813,861,28
0.993996976319629,0.725082115807309,0.974417378832312,2.25784686693259,1136,48
0.857331289080761,0.483367046130754,0.594248260386037,1.04408540440894,159,17
1.62590467783446,1.45723431258311,1.20524058679171,1.92333692767891,56229,4357
1.78004155795245,1.81065048099178,1.61348947046537,3.16259672435587,17465876,1527898
1.00838269438876,1.46666339516683,1.18721396861188,2.10152062316533,1087,29
2.45271113861107,2.7065762954652,1.21166104679118,2.94483814848393,778262,112681
1.63773455792963,1.50042157097021,1.63984543472647,2.76007265389756,31322,1159
0.862747115882093,0.911451856708018,0.860124798209359,0.972183803405893,572,33
2.04775824195248,0.586135779258614,0.828987209541948,2.40110090572977,525,23
1.07996317988969,1.02383378019492,1.13077236455225,1.44018148829333,2831,64
0.932879686203416,0.941359631863734,0.963460496473018,0.963460496473018,974,31
0.777007728855433,0.796698167142692,0.782386135477792,0.828155439230332,428,24
1.12907255660343,2.03852666196766,1.26118270348609,2.22336789898973,9628,314
1.11547532760698,1.45026305280437,1.81443218457514,2.73767735643032,964539,79825
0.58981678774724,0.555152003353326,1.06205418109765,1.58329379437694,398,15
0.917621744368574,0.962156642249677,1.05106317785816,1.24087760847289,2108,60
0.467785352258309,0.450639130053363,0.452089954662591,0.535932756537175,155,38
1.21871911502693,1.06924585966612,0.937131191261733,1.42349377709401,4983,246
0.773304115275621,1.11742568626834,0.814136388574297,1.58321623175271,2217,62
1.07520244728663,0.919609652007267,1.02516422593689,1.31670143731954,1065,41
1.11052027220757,0.823491801799506,0.78842081563383,1.51087642437388,795,26
0.945810292923796,1.43295951845239,1.00908698181293,1.47447360868837,2255,54
0.825095496379488,1.03567572230659,0.598293276371943,1.10508654734811,245,20
1.00765577640493,1.56103514835361,1.16578995356977,1.76693695016139,610,25
1.44882653937432,1.61594489426489,0.815489181172688,3.64513296281123,16659,905
0.717094720314649,0.719762177004336,0.896487993214382,1.38070263423026,383,26
1.30435985965137,0.991574385401336,1.49801680208468,2.10028363626109,89315,4832
1.13271988579339,1.30132797461504,1.32803787928908,1.84972774425896,16441,503
1.21620114326625,1.08992343988391,1.35095202859821,1.48379234815439,25965,1134
2.11992864047984,1.487452219202,1.74517741784873,3.2456884320331,1190698,73391
0.903670563954325,1.65783899060517,1.10905816767725,2.15810851672687,13435,444
0.69220307269586,1.65340293997465,1.12710636738804,3.23460466526173,2220,132
1.33441598965019,0.364194286742026,0.896053435913907,2.28966815984438,697,27
0.590303479581771,0.99467141075577,0.536273827525348,2.33388616359937,516,42
1.63623080734633,1.68147144760393,1.70367186142848,1.87108078937217,733184,106898
0.581985465721214,1.14885743198361,1.46609465852225,2.52056319031712,348,83
1.27993437479705,1.09813963430142,0.855082341639374,1.69242378738063,3431,59
0.896700670563967,0.858633844532535,0.823182089279485,1.47021164016503,439,42
0.908702077706177,0.911028391822638,0.872927690148962,1.10130571431136,969,30
0.648458447591132,0.652101916159095,0.655355052288148,0.840808962394001,268,19
0.510556771622578,2.32145479488601,0.435200321886871,3.77890317903287,4496,126
1.17580422575185,1.13845399360915,1.44108681745328,2.23269891434933,47269,4492
1.27182739573621,0.863329553815371,0.718986629005248,5.1390592785866,12871,469
0.618017770984664,0.752344255410362,0.729502531098055,0.863674780796133,536,40
0.735354485460081,0.872647627385863,0.83467384018316,1.17328551043019,594,45
1.83231608280675,1.19416922824411,1.3313589200618,5.71527518776661,9285871,912753
1.34259262209826,2.2234888881581,1.60584022841006,2.90337214477715,18496,977
1.87403638185307,1.40121633088033,1.2375396464656,3.38720934793281,59913,4854
1.06878468969918,1.04358753813703,1.25462860324816,1.62623727877484,1364,48
1.1264875058071,0.973119658538064,1.1918192414088,1.38311972774918,1812,182
0.755540539057395,1.66117991725943,0.47622898504464,2.58258854927597,12249,553
1.34164317827847,0.714316300056333,1.1302726997877,3.0324049396939,26977,1084
0.778149242126259,0.780342817787218,0.841984518062693,0.948554964336761,440,36
0.782664584465258,1.24602489674948,0.944590899035858,3.44632582082268,2753,67
1.54731712062169,1.9384659042508,1.70156406406146,4.07681728932141,1985863,148961
1.04954987507537,0.988420896379601,0.895983596748204,1.51889811856808,8781,317
0.931085474957143,1.18012200020222,1.27166422931068,1.41463944623345,7419,667
0.978139461139992,1.00031458113029,1.00067812328028,1.11821998863121,1542,57
0.702592816189818,0.636583831438812,0.517055612309925,1.19880927128187,384,29
0.88796974854576,1.03577129878607,0.834257134372234,1.97708731123916,2225,51
0.719913714565099,0.877723979415112,0.86053285422386,1.78802955397078,1013,36
0.851976665800071,0.855387445878194,0.861513200681054,0.88416681772418,854,27
0.610216393764152,0.966859364320666,1.34015211933517,2.40344725286011,324,21
1.42913532897538,1.41856482094124,1.24474231977927,1.91373619899184,69591,6282
0.884341293078455,0.869967491546728,0.876607687408253,0.89583518698733,556,21
2.90604262597931,2.54703430296449,2.94321540920937,17.7847368049137,30588293,4092820
1.0863624550021,0.907997848148786,1.13958656954612,1.78125470203616,2364,65
1.25165596942445,1.22075042098982,1.24601980905324,1.26921437396791,19366,522
1.06652749576676,1.11910748755683,1.06598191266725,1.20525970373709,3431,68
0.833719471400543,0.98446652530808,0.934677009212708,1.4548048193791,1124,46
0.933213728323441,0.835451083957873,0.954624184814659,1.33177213843795,619,12
1.0467093562831,1.09206492862751,0.916964701890667,2.03036298549877,762,27
0.909232620942933,0.934957061051022,0.77329509700034,0.969434747985346,473,39
1.30162015155738,1.72470164097718,1.62735667435431,1.95061155726134,418893,17698
0.954161904271213,1.28619103374795,1.09330775119203,1.59429509281166,2785,131
1.01118978386533,1.13689356800063,1.36008741576571,1.7028607151878,19095,658
1.2056422356584,1.25878460423073,1.31269544559956,1.50104568029272,19829,717
0.98619352459043,1.1734325987929,1.29256651405327,1.41922763800866,3018,44
0.877492928234492,0.568614217031688,0.753815792423287,1.02930995934422,428,59
1.6051045514507,1.31686838924087,1.50419694004181,3.24242760568581,175705,42745
1.67988140129339,1.27745534786629,0.838502406780131,2.2740276889175,18624,700
1.46340101153196,1.70631527479476,1.8467556634151,2.48504837832798,3711243,763690
1.36538589628671,1.83833390849467,2.15891950592721,4.35508337290237,66461409,6589050
0.917724640133939,0.837175316919096,0.915489873040672,1.09821723002186,1034,47
0.638435106867386,0.635557367111535,0.641581882447561,0.787086599062055,241,15
1.26708542244114,1.63024811874389,1.49098939409127,2.7835759858992,501458,30472
1.60169139461793,0.573081976645559,1.02305702578133,2.93213557695646,8366,573
1.0446568716193,0.96722376543473,1.33507339997646,1.77502195611,1473,48
1.82554339992603,0.687819176499943,0.837392619631326,3.62933900186669,6551,213
1.42725495908903,0.893692307059001,1.46249376020568,2.00002581233979,5870,135
0.779934641615907,0.885591989744882,0.914820810266236,1.03667655122167,629,25
1.27252365454199,1.10828947593347,1.23227466989799,1.6638946936203,3975,113
0.878802254747972,0.878319557670902,0.865478033878349,0.914962657748649,480,20
0.805821148879797,0.902215164946586,0.727016662435979,1.00680334194365,1120,48
1.66154829899467,1.69929998064993,1.31094828664888,3.35638980327649,32650269,2713394
0.718620571062515,0.911611488727112,0.603962641835255,1.65220487918703,1295,29
1.70466052085239,1.66233572345178,1.07012932423692,1.86272704693658,20216,952
1.46918356046114,0.834207865379498,1.14959655459455,2.61500838014975,1704,34
2.17988614548098,2.14915575309506,3.46796645682719,6.44427338676885,5080851,695011
1.03880127733188,1.29973528091357,0.617220286703098,2.23621420118861,8825,2198
0.471164733552459,0.544251457254291,0.447010634231601,0.595212910759195,246,29
0.920185709899861,0.861830161904344,0.848751645361725,1.11358907892549,519,29
1.88877071492473,1.57561753955918,1.38695989516573,3.01731606754106,367792,27933
1.04232928073123,0.873259398868596,0.886695567943494,1.74005461557175,2529,62
0.847012052717641,0.72992223126861,0.862164084119593,1.57285993679254,1424,24
1.33254967270187,1.58452996330407,2.11330479691736,2.94212001496372,120637,10764
0.831717264011444,0.75146121640638,0.884265747528916,0.966052921909591,455,71
1.01044845809396,0.926021144887779,1.2412540585939,1.86902966859795,3250,86
1.62674303375196,2.13039499813419,1.60936981816759,3.54671937949965,81658767,6454928
1.13699106705952,1.49414165779435,1.4957538828493,2.39813458874137,1753,40
0.899382408750712,1.24887258564534,0.953075982804627,2.08568283875392,2790,66
0.64436105210103,0.956550083925363,0.644010659102621,1.04847579491605,386,80
1.49076017425151,0.956588286609789,1.22951704031958,2.702428947143,2799,67
0.591037800148854,0.59683125501511,0.595759859485279,0.707216045517747,7,7
0.536764863610652,0.498238895432449,0.429540331202451,2.97520250496453,341,26
0.765120922166466,1.79470606948738,0.687521524603016,4.53822921785898,4639,472
1.21438419753535,1.10271783376158,0.928964010584432,1.3872779009081,2392,51
1.00767066291972,1.05271078129272,1.22641205741694,2.0471757600296,13882,477
0.738522194140971,0.846922434132628,0.955979375861948,1.19148609530558,584,28
1.65550589521263,1.65483477796234,1.62287189612857,2.56796696620842,801032,113227
1.31308031712086,1.32248319951692,1.81525902847991,2.08588343179321,39283,1945
0.978581769495213,1.25672331327691,1.43899383290207,7.72516218605688,543239,39143
0.51779641249672,0.568708751090337,0.607485791729037,0.867837618729014,221,22
1.44939915612187,0.944607103665055,0.626234543904024,3.13161204308309,1170,59
0.925938316812762,1.15232013871246,1.07328189401902,1.41616290687546,3971,100
0.708303055827069,0.89179641423092,1.43377823524006,2.90145266873611,1159,51
0.49749997125268,1.59513809168945,4.57922018653563,4.57922018653563,3678,249
1.89975633529617,1.45602689049263,1.94825060748369,2.14310303499108,134694,8136
1.34103991392339,2.54641732294922,1.55705433994554,4.59429662813325,7465217,946075
0.852996556814206,0.901117869430803,1.23089302321858,2.86088210428235,3231,62
1.06984890191596,1.1603079017976,1.14048752107995,1.25127763267899,4366,84
0.778796154564817,0.643757931777046,0.608089615920381,1.66681218851094,304,31
0.924934307240731,1.03786540531632,1.30916391211385,1.86227732701956,5673,171
1.09362492509582,1.05025594128141,0.901947959785103,1.38661878899943,4081,63
1.13106662305964,0.873550219779683,1.76616992531796,3.11944595486985,102325,7388
0.797601498926828,0.680790869777828,0.725445902704092,1.10888018215395,251,28
1.27050833304279,1.33545293346678,1.2631005756228,1.38540295620276,16514,2247
0.390598809807156,0.972356314185987,0.674666695803474,2.48276018225383,1826,59
0.537844418430188,0.486108971307387,0.488745281255251,0.607397414701979,150,18
1.22074730776038,1.42003267827554,1.18038808780182,1.56970208241894,4112,95
1.30191698341383,1.20022218787839,1.26994719839282,1.40071709490093,6292,3045
0.312941616444978,1.11425792656445,0.358596164912483,3.13257276648386,518,115
0.771621824421406,0.758907516745728,0.844153640487969,0.980509228923708,707,36
1.34651128599651,1.72334907604132,1.08672911529778,2.18206464480756,11555,389
1.29479401514863,3.07757895412476,2.59525357421047,5.30738454223699,141309,16841
0.823594137156308,0.958771756622455,0.766357189013527,1.16905569388421,719,61
0.914220702792677,1.98076441451565,1.14591889974856,4.70548476608463,639311,156765
0.863631820297554,1.07122642391394,0.861937951468291,1.26237108844329,2160,53
1.43463436425507,4.14731767677668,1.25154726420175,4.14731767677668,14365,579
2.87612337531029,2.21188365256196,0.902409872087262,4.44378255032534,1711752,100651
0.590032104982423,0.89273361530428,0.703453632441183,0.986571810443731,224,22
0.437085182366212,0.861847888702504,0.586033231191858,1.7198437287228,446,44
0.761919831050133,0.823448532799115,0.845407074210285,0.939593513520168,1054,52
0.212624879218375,0.589674383532479,1.68292625638001,42.6156219737767,1616,143
1.20394276164697,1.12803933743747,1.18473298197457,1.35816975063075,7686,162
0.786879237307964,0.998581159611909,0.909449699140843,1.42739087057255,806,18
1.19192342937178,0.857064814426264,1.11756945520957,1.99131616775618,5570,157
0.33770231695704,0.372385318742562,0.325974646740205,0.659493885254507,129,18
1.15116617921203,1.14764810600464,1.16074220469115,1.29024961170964,5846,455
1.14852519099344,1.07555780211857,1.15475171650872,1.71745699928984,9973,336
1.00051811321386,0.559252862385819,0.865599603650451,1.00051811321386,399,100
1.19514982785866,0.97966756169653,0.80471567957008,1.19514982785866,866,43
2.63315937216752,0.7996809239487,2.24918415252693,5.72296074778251,78995,7395
1.31526012885615,1.03430519274891,1.24605860807138,1.32786859443727,645,27
0.646860280368265,0.605343138025373,1.24466654473303,2.57863826913213,2105,150
1.05210492405848,1.0449167518612,1.02007018898666,1.07908975122194,2335,59
0.591530981864005,0.499619661051525,1.17201393744465,1.96793416691904,2802,149
0.774082467465032,0.658113934157941,0.672703378193089,1.19976621588545,579,29
1.0368280411194,1.0410850187876,1.04937255560769,1.0665730006429,2196,92
1.46920919229226,1.04878966823322,1.22760960333819,1.66924781461369,13831,386
2.72382367015996,1.28537330563609,0.484143778989644,12.4609734404427,109373413,32652856
0.680727647597671,0.836745212318168,1.25480990306906,3.52402573037711,1779,35
1.25834437429436,1.02549318332865,1.42932761389576,1.49305376216136,4625,553
1.15119357775626,0.845837779430893,1.2872825421879,1.70491336056825,904,19
0.590500049980171,0.731087758930802,0.650224276228146,1.51609716121884,220,26
1.80800309798694,0.935621227260126,0.536738532809281,5.45267917414733,1069,40
1.02944500944922,1.21379653133316,1.07667946215717,1.51580353457148,8484,188
1.04713614221278,1.63420807228498,1.41309879813993,2.39473678881475,130769,5983
0.702534591196596,0.61499333112901,0.660857521080877,1.02052584448796,353,16
0.902102508708889,0.905768809774826,0.905587909769209,0.914323866965401,793,51
1.12025496095919,1.09376781323188,1.08877294280035,1.13041207165167,3729,75
1.35364948161421,3.88282257274638,2.00567600921897,5.71766113579823,2191310,329351
1.06981781802908,1.41247201962733,1.19716704965024,2.09014885646702,19151,701
1.16032520880672,1.20010760366252,0.96591768516406,1.47919646486075,1296,26
0.874056548501937,0.899911108776998,0.675442178261053,2.39251134179901,370,17
0.581447960429673,1.12201795363417,1.05985938890997,1.93312541987959,1646,85
1.22939685607965,0.921279857042513,1.29299895068973,1.77447568815188,4104,76
1.01530857964119,1.06354798692929,0.532911486575753,6.40364201956104,204114,6279
0.603068504384076,0.938669159489935,0.820755123556215,1.23369243568362,572,71
0.740631486591002,0.737578460186606,0.876979279271257,0.967448399748413,350,64
1.58556482289483,2.2858247863946,2.44951917550906,3.77762599345745,27253058,2564645
0.694000035945524,0.601347111425923,0.721326263822054,0.838046020520979,488,38
0.802063970075132,0.954404981288035,0.842356596325516,1.00241996597616,898,174
0.614178904590785,0.718226193535701,0.638797710358026,1.2032683344712,418,29
1.1111646921968,1.30813313851816,1.17660232896162,2.35915197235791,30839,1453
1.1583215887191,1.02013521987812,0.977403693922858,1.21676534196607,2160,36
1.31746489563337,1.693819823331,2.83899571375731,5.21781009484092,537975,52561
1.06912613297506,0.995757040941135,1.15648231954638,1.4880329490096,4139,105
1.17485924849942,1.47268433836715,1.24534242971368,1.83316402447764,36075,3014
0.619924773558247,0.56548824627886,0.675009562611042,0.738418549078967,325,81
0.415920636275841,0.344135452683724,0.504397079689656,0.932068791419368,204,36
0.966051959468219,0.975201546904332,0.940515401496757,1.18806916013015,1224,43
1.44420440053225,1.19926840909181,1.29494972079777,1.4801874414848,49281,2201
1.10933869933945,0.25063078930214,3.55868630516161,8.12328599178806,334,44
1.42384395561961,1.63964815755552,1.21568858545082,2.14164513611111,444750,34333
1.88242702796267,1.9216263602767,1.90122888548679,2.25746055174728,6543063,1014943
0.986576297722692,0.939110229424179,0.90140991339854,1.14289495734345,961,20
1.27393989422073,2.05289872477419,2.01677618256642,3.61453733274987,1141997,71424
1.44319583414124,0.0218619056224517,0.115389494224614,5.4032591662847,843,132
0.758327625348152,0.778814593361037,0.823742298693013,0.905530105059433,371,14
2.37414711889172,1.1748055010684,1.88290157174937,4.1030227341208,8932337,753352
1.29478495738275,1.02628579405719,0.943883988155285,2.01414642118959,6255,214
1.14096902776184,1.49243407989271,0.828246912860784,2.96315156267865,1422,32
0.394393896347502,0.366651041854312,0.434549708624692,0.611775460205561,40,12
0.840411256195002,1.11482399381871,0.891129971042553,1.54768110977062,2668,41
1.43595803071022,1.55223386836542,1.85311224291222,2.96912488384328,120017,9905
1.21664223346775,0.872002691951162,0.515559259147448,1.70724907381499,675,169
0.677614997446763,1.23751109512832,0.762318041949893,2.94234831918046,480,23
1.338003164499,1.35505384503033,1.24390889538184,1.44698040477431,55559,1930
0.649747009177668,1.30162961216481,1.65900427123471,2.23786259531783,3123,71
1.12044094211867,1.17014276632592,1.11023814576849,1.40836636047135,11053,376
0.538746522142171,0.323063716444739,1.95253879753409,2.78474352320489,860,43
1.02588677533055,1.38434694645351,0.643072705967578,1.59852573037509,434,49
0.792495393059906,0.715003229077098,0.716154201183566,1.48930471112335,738,28
0.351304283325214,0.272008342253665,0.7917659955628,1.35598905279979,190,37
2.17864033974938,2.25111722320093,2.3838008308743,5.86680581614974,1530167,107466
0.974849969426944,0.867225261309179,0.860633437831245,1.02536620820564,549,16
0.647795222993251,0.86782697379954,0.721402014048802,1.14265910665465,453,18
1.26639242320071,1.2630867150737,1.26533316758645,1.36288665167512,28870,1140
1.31294220024973,1.17218659517458,1.09045962289896,1.38469504980489,4107,122
2.15328392636993,0.38377724140425,0.439217761695855,10.4175264219398,348662,41819
1.0559862735632,1.20730894722351,1.02717235021121,1.38049832413422,3497,60
1.03565506768323,1.0362656655682,1.03308177991341,1.09915637521999,2058,36
0.706732346984711,0.665861470401378,0.728031667655549,0.728031667655549,258,41
1.46905825964121,1.1266274191137,1.1793816855616,1.82190442523478,13288,981
1.11559722532302,1.23066614875765,0.820028845519242,2.03898330284838,106601,5289
0.51907391633561,0.420976343611226,0.621848494696735,0.796922577038314,178,27
0.860078622475561,0.661353030249615,0.811871566500194,0.965405341055802,307,27
1.35823369586768,1.41106409959207,1.57156879239129,1.62719929701706,84449,6886
1.16782742511034,1.08372186083838,1.13952054848255,1.30529582030276,2136,38
0.779400230345318,0.857959985666204,0.840776442520386,1.02384894755758,707,37
1.31922552148563,1.22910391840869,1.15820075105997,1.3995709553967,3845,180
0.938980544876257,0.863751595262476,1.05008549990406,1.39301644186196,2560,44
0.825708268938356,1.78166179115727,0.612578966691899,9.25152526799063,3410,366
0.849360772434412,0.897605355342259,0.931459777869475,1.03326780312148,1029,52
1.38082612226543,1.17856140922396,2.26179090637359,3.84161847831672,1536136,380037
1.17465949995011,1.10535985480377,1.10133826524098,1.2302775082202,4813,103
1.09773219819449,0.807882060395984,0.677637667163306,1.19178231672008,368,16
1.41256205806493,1.45124864774492,1.46153290617397,1.95718504656272,117275,6265
1.13874069673043,1.02450067434774,1.02397041390485,1.35924817206436,3423,78
1.40571419258889,1.12027752216282,1.67758232953821,4.18219563744208,65613,4488
1.58329206481487,1.58295602794998,1.65414948680292,1.76180352837833,698722,35077
0.744678133735107,0.613664840981565,0.600750983342122,1.06342208633107,178,19
0.698603021114234,1.14614563225905,1.31319891995754,3.21335141533646,13562,1061
1.21683454890844,1.67531710741392,1.22401033521358,2.30112930379828,80077,6803
1.42542414141587,1.44275175819924,1.47784556202231,1.62128690306236,132612,6465
0.927903247438705,0.95432356767656,0.829589042297027,1.07024121990589,1031,46
0.955498054294225,1.11475788299989,1.11445803910947,1.47360962985288,1163,32
1.84420872270495,2.00477360373942,2.04130188515147,2.92772930401104,46454803,4510648
0.932993523980763,0.92316472701154,0.939714432818087,0.959780801246411,1082,27
