"modelo","verosimilitud","sigma_media","sigma_sd","rhat","n_div"
"burkina_NB2","NB-2",0.078459715862,0.0357539741093113,NA,NA
"burkina_Poisson","Poisson",0.7419854779425,0.0397368303739612,NA,NA
"china_gamma_NB2","NB-2",0.0881430545455,0.039155249614331,NA,NA
"china_gamma_Poisson","Poisson",0.7361613239375,0.0409518210791018,NA,NA
"china_norm_NB2","NB-2",0.08601142948675,0.037840405819447,NA,NA
"china_norm_Poisson","Poisson",0.7417315905875,0.0378891652161922,NA,NA
"colombia_NB2","NB-2",0.0705286996525,0.0363865634999271,NA,NA
"colombia_Poisson","Poisson",0.732711252205,0.0379014541326492,NA,NA
"referencia_NB2","NB-2",0.10712230123075,0.0339861858823652,NA,NA
"referencia_Poisson","Poisson",0.760070361425,0.0404254146325441,NA,NA
