"fecha","ar1_mediana","ar1_lo","ar1_hi","ar1_p_menor1","rw_mediana","rw_lo","rw_hi","rw_p_menor1","diferencia"
2020-03-14,2.0489471,1.120076865,3.65153825,0.028,2.0629871,1.32910455,3.10285352,0.00633333333333333,0.0140399999999996
2020-03-15,2.07562215,1.145709195,3.66085055,0.023,2.09252835,1.360253585,3.09594132,0.0045,0.0169061999999998
2020-03-16,2.10876545,1.174808795,3.634993045,0.0206666666666667,2.11655005,1.40228755,3.111846985,0.003,0.00778459999999992
2020-03-17,2.12495975,1.19763573,3.598635875,0.0181666666666667,2.13913975,1.429298075,3.16882319,0.00266666666666667,0.0141799999999996
2020-03-18,2.1590719,1.250170525,3.58349452,0.0133333333333333,2.16668915,1.4684886,3.194465715,0.00216666666666667,0.00761725000000002
2020-03-19,2.19784,1.298455215,3.590927125,0.0103333333333333,2.1976093,1.50568788,3.21038096,0.00133333333333333,-0.000230700000000361
2020-03-20,2.2313773,1.344501545,3.579788125,0.00816666666666667,2.22705405,1.560952445,3.26758671,0.000666666666666667,-0.00432325000000011
2020-03-21,2.26142575,1.38833456,3.594012485,0.00583333333333333,2.26147,1.601735815,3.254744785,0.000333333333333333,4.425000000019e-05
2020-03-22,2.32359165,1.455811335,3.589279395,0.00416666666666667,2.2991212,1.654829355,3.293752545,0.000333333333333333,-0.0244704499999999
2020-03-23,2.37975945,1.56609882,3.64345926,0.00166666666666667,2.34422185,1.71330291,3.316667995,0,-0.0355375999999996
2020-03-24,2.44099815,1.65464847,3.644217455,0.001,2.3883748,1.76385027,3.35180717,0,-0.0526233499999997
2020-03-25,2.4932683,1.71468477,3.67906693,5e-04,2.4091633,1.80495333,3.404874585,0,-0.0841050000000001
2020-03-26,2.5427213,1.79285634,3.664807395,0,2.446235,1.85379144,3.41686672,0,-0.0964863
2020-03-27,2.63983045,1.907013665,3.758585055,0,2.49466485,1.909796595,3.428599305,0,-0.145165599999999
2020-03-28,2.6919173,1.97534132,3.84622861,0,2.5309621,1.951285875,3.44957495,0,-0.1609552
2020-03-29,2.7213756,2.01197114,3.85373937,0,2.5417689,1.97767202,3.465795755,0,-0.1796067
2020-03-30,2.73934875,2.049577785,3.833279545,0,2.546658,1.991350965,3.47328863,0,-0.19269075
2020-03-31,2.751215,2.062349445,3.84901219,0,2.5495174,1.99469302,3.44136085,0,-0.2016976
2020-04-01,2.74248465,2.08378424,3.865158035,0,2.53742835,1.99511431,3.446597215,0,-0.2050563
2020-04-02,2.66531305,2.037878125,3.695466185,0,2.48714555,1.973374505,3.33531361,0,-0.1781675
2020-04-03,2.57194525,1.995612925,3.510225015,0,2.4212298,1.94836109,3.19180178,0,-0.15071545
2020-04-04,2.498162,1.947753095,3.38268683,0,2.36825075,1.91156382,3.087983005,0,-0.12991125
2020-04-05,2.3627496,1.84915127,3.158004335,0,2.28758285,1.868051215,2.910787755,0,-0.0751667500000002
2020-04-06,2.2868995,1.80057228,3.006824675,0,2.2227456,1.81866924,2.809483235,0,-0.0641539000000004
2020-04-07,2.22608685,1.753098315,2.91814325,0,2.1708699,1.778577835,2.732702345,0,-0.0552169499999997
2020-04-08,2.1480166,1.68958593,2.80615298,0,2.103004,1.73234732,2.63405999,0,-0.0450125999999997
2020-04-09,2.01096435,1.550655795,2.596727955,0.000333333333333333,2.0122255,1.65473799,2.460825225,0,0.00126114999999993
2020-04-10,1.908829,1.45946908,2.43767485,0.000166666666666667,1.93427815,1.588613445,2.369061075,0.000166666666666667,0.02544915
2020-04-11,1.79340405,1.322173585,2.268770205,0.00266666666666667,1.85391695,1.48993971,2.24012025,0.000333333333333333,0.0605129
2020-04-12,1.6907109,1.205673455,2.14660241,0.01,1.7821786,1.406642805,2.1470777,0.000833333333333333,0.0914676999999999
2020-04-13,1.62079275,1.138972545,2.064212155,0.016,1.7278717,1.351789465,2.0818502,0.0015,0.10707895
2020-04-14,1.5857296,1.122110845,2.01717378,0.0173333333333333,1.69099025,1.318133575,2.03234333,0.00166666666666667,0.10526065
2020-04-15,1.56342455,1.12169754,1.98303326,0.017,1.6599109,1.30795218,1.99619563,0.00233333333333333,0.0964863499999997
2020-04-16,1.5512552,1.121292805,1.97272153,0.0166666666666667,1.6452773,1.29022903,1.96808783,0.00283333333333333,0.0940221000000001
2020-04-17,1.55689135,1.15872961,1.965144165,0.0128333333333333,1.63212975,1.295965545,1.95209128,0.00216666666666667,0.0752384000000001
2020-04-18,1.5801234,1.19299502,1.995790615,0.00883333333333333,1.62701565,1.29388061,1.95658965,0.002,0.0468922500000002
2020-04-19,1.5846501,1.20782275,2.005878585,0.00383333333333333,1.620239,1.296189635,1.94507206,0.00116666666666667,0.0355888999999998
2020-04-20,1.5690134,1.19137395,2.004141835,0.0065,1.600045,1.283468185,1.92850436,0.002,0.0310315999999999
2020-04-21,1.5480495,1.176986385,1.984761235,0.00733333333333333,1.5826242,1.26325086,1.911319775,0.00133333333333333,0.0345747000000003
2020-04-22,1.54242265,1.17720079,1.97683916,0.00683333333333333,1.57174235,1.26615252,1.88558273,0.001,0.0293197000000001
2020-04-23,1.5320954,1.18469315,1.963098055,0.005,1.55845295,1.264309485,1.872266435,0.0015,0.02635755
2020-04-24,1.5522642,1.21007315,2.02299107,0.00283333333333333,1.5612394,1.27014981,1.880649305,0.000833333333333333,0.00897520000000007
2020-04-25,1.53219405,1.18960389,1.98471327,0.00616666666666667,1.5392706,1.249505285,1.861886275,0.001,0.00707655000000007
2020-04-26,1.5127866,1.165003955,1.963548805,0.0085,1.52559435,1.23840104,1.839993235,0.00133333333333333,0.0128077499999999
2020-04-27,1.4960317,1.15386844,1.94949642,0.009,1.5151461,1.21937647,1.83198636,0.0015,0.0191143999999999
2020-04-28,1.48197715,1.13663249,1.919089635,0.0113333333333333,1.5020852,1.220561355,1.814460945,0.00216666666666667,0.0201080499999999
2020-04-29,1.4846086,1.144278845,1.915420255,0.00933333333333333,1.50173735,1.220498105,1.81715703,0.00216666666666667,0.0171287499999999
2020-04-30,1.47252595,1.126968615,1.90989239,0.0115,1.4907883,1.20435506,1.80273527,0.0035,0.0182623499999999
2020-05-01,1.4717327,1.13376806,1.916744265,0.0118333333333333,1.4901086,1.208723025,1.80718507,0.0025,0.0183759000000001
2020-05-02,1.46512915,1.12189439,1.89127201,0.0143333333333333,1.4812472,1.19823529,1.80069386,0.00266666666666667,0.0161180499999998
2020-05-03,1.47183295,1.13412122,1.908877995,0.00933333333333333,1.4880131,1.20325581,1.81236761,0.0025,0.0161801499999998
2020-05-04,1.4856157,1.15467989,1.92089305,0.0075,1.4895519,1.214453845,1.81036649,0.00166666666666667,0.00393620000000006
2020-05-05,1.5041907,1.18561209,1.95648508,0.0045,1.49885575,1.229142435,1.826132455,0.00133333333333333,-0.00533494999999995
2020-05-06,1.5163315,1.202604595,1.966567605,0.003,1.4981875,1.241763955,1.84063669,0.000833333333333333,-0.0181439999999999
2020-05-07,1.5084885,1.18664533,1.9638197,0.00416666666666667,1.49354895,1.232514555,1.82131835,0.001,-0.0149395499999998
2020-05-08,1.5128867,1.19302689,1.9590635,0.00283333333333333,1.49263625,1.237485145,1.82156965,0.0015,-0.0202504500000003
2020-05-09,1.4984021,1.183714405,1.943319345,0.00516666666666667,1.4839461,1.224559185,1.820286605,0.00183333333333333,-0.0144559999999998
2020-05-10,1.4804612,1.155216725,1.916791815,0.00666666666666667,1.4714632,1.211128965,1.81630822,0.00216666666666667,-0.00899799999999984
2020-05-11,1.4681292,1.13954438,1.9261064,0.009,1.4652387,1.198830835,1.80045539,0.00183333333333333,-0.00289049999999991
2020-05-12,1.46314315,1.135377175,1.91409555,0.011,1.46141465,1.203381455,1.793460205,0.003,-0.00172850000000002
2020-05-13,1.44665855,1.107154765,1.875039805,0.0133333333333333,1.45030325,1.184120595,1.7750676,0.003,0.00364470000000017
2020-05-14,1.44394215,1.11060492,1.87673634,0.014,1.4494096,1.18385569,1.77317479,0.003,0.00546745000000026
2020-05-15,1.4368989,1.10306595,1.85740372,0.0148333333333333,1.44766745,1.18080744,1.76412307,0.004,0.0107685499999999
2020-05-16,1.4456576,1.127086645,1.867520595,0.0118333333333333,1.453075,1.192030375,1.77451616,0.00266666666666667,0.00741740000000002
2020-05-17,1.44464895,1.12062434,1.856278765,0.0143333333333333,1.4476437,1.18963183,1.77236141,0.00233333333333333,0.00299475000000005
2020-05-18,1.44516745,1.117903575,1.848275895,0.0148333333333333,1.448991,1.184231655,1.76295161,0.00316666666666667,0.0038235499999999
2020-05-19,1.44054275,1.10780699,1.83580194,0.015,1.4470439,1.18608205,1.767306745,0.0035,0.00650115000000007
2020-05-20,1.43718685,1.118641295,1.82827627,0.015,1.449448,1.188946105,1.75790254,0.00333333333333333,0.0122611499999998
2020-05-21,1.4375173,1.10914096,1.817670045,0.0153333333333333,1.44533785,1.184754065,1.761877935,0.004,0.00782054999999993
2020-05-22,1.44941885,1.135670185,1.84235468,0.0108333333333333,1.453702,1.194207,1.775940605,0.003,0.00428315000000001
2020-05-23,1.46276155,1.1370612,1.857148485,0.00883333333333333,1.45560195,1.196468825,1.79255092,0.00233333333333333,-0.00715960000000004
2020-05-24,1.45526525,1.12399162,1.845709165,0.0116666666666667,1.4480336,1.1872779,1.77962393,0.003,-0.00723165000000003
2020-05-25,1.45450095,1.12638389,1.85634167,0.0108333333333333,1.44673445,1.190160905,1.76804753,0.00333333333333333,-0.00776649999999979
2020-05-26,1.4754384,1.154291915,1.903309815,0.00733333333333333,1.45641055,1.205203285,1.78278201,0.003,-0.0190278499999998
2020-05-27,1.4913502,1.16417475,1.93231257,0.00533333333333333,1.4662969,1.2092124,1.796290855,0.0025,-0.0250532999999997
2020-05-28,1.5122571,1.196055635,1.96807673,0.00316666666666667,1.4747359,1.222558945,1.81497876,0.000833333333333333,-0.0375212
2020-05-29,1.5211466,1.209164335,1.98525705,0.00283333333333333,1.48154545,1.22655958,1.828030605,0.000833333333333333,-0.0396011499999998
2020-05-30,1.49645705,1.18912871,1.95542012,0.0055,1.46724715,1.210240205,1.801687195,0.00116666666666667,-0.0292099000000001
2020-05-31,1.47069845,1.157059045,1.885020515,0.00616666666666667,1.4524968,1.19318362,1.77708913,0.002,-0.01820165
2020-06-01,1.4485318,1.13477112,1.846164125,0.00883333333333333,1.4406597,1.18293929,1.75629978,0.00316666666666667,-0.00787210000000016
2020-06-02,1.43085665,1.106800155,1.83488289,0.014,1.43254725,1.175468195,1.727185715,0.00433333333333333,0.00169059999999988
2020-06-03,1.42099355,1.1106872,1.818448685,0.014,1.4250299,1.165809885,1.72328536,0.00416666666666667,0.00403635000000024
2020-06-04,1.40733485,1.09104898,1.79987331,0.0168333333333333,1.41646415,1.153933625,1.720189025,0.00666666666666667,0.0091292999999999
2020-06-05,1.3791971,1.058666365,1.75724344,0.0271666666666667,1.4020683,1.13437625,1.69529205,0.0065,0.0228712000000002
2020-06-06,1.3636272,1.027631395,1.733737075,0.0376666666666667,1.3892608,1.12186344,1.680857555,0.008,0.0256336000000004
2020-06-07,1.34512405,1.00539602,1.705550485,0.0478333333333333,1.38079335,1.103917115,1.67698639,0.0113333333333333,0.0356693000000001
2020-06-08,1.34681515,1.000139055,1.69741124,0.05,1.38119895,1.10597018,1.67905728,0.0095,0.0343837999999999
2020-06-09,1.34588705,1.00223735,1.6938606,0.0486666666666667,1.37814865,1.109137495,1.67277167,0.0133333333333333,0.0322616
2020-06-10,1.3455663,1.008045235,1.709417215,0.0441666666666667,1.3828642,1.109090605,1.677735005,0.0121666666666667,0.0372979
2020-06-11,1.35594375,1.022657435,1.71857796,0.0413333333333333,1.38905555,1.111600525,1.68619943,0.0123333333333333,0.0331117999999999
2020-06-12,1.36855025,1.0368007,1.73453168,0.0335,1.39944585,1.13175943,1.70215575,0.00933333333333333,0.0308956
2020-06-13,1.38986265,1.05502845,1.76807904,0.0288333333333333,1.4140801,1.13833572,1.71708668,0.00616666666666667,0.0242174500000001
2020-06-14,1.41119465,1.080862505,1.78276994,0.0221666666666667,1.42648755,1.149099625,1.72823518,0.007,0.0152928999999999
2020-06-15,1.4143338,1.086824095,1.798637635,0.021,1.4344514,1.155577175,1.73599505,0.00683333333333333,0.0201175999999998
2020-06-16,1.4376406,1.106243715,1.825748935,0.0136666666666667,1.45401845,1.18002863,1.76589257,0.00416666666666667,0.01637785
2020-06-17,1.44180165,1.10804822,1.83627022,0.0146666666666667,1.45970585,1.1922832,1.768324475,0.00316666666666667,0.0179042
2020-06-18,1.4848921,1.154580795,1.90465137,0.0075,1.48757175,1.22598563,1.81546815,0.001,0.0026796499999997
2020-06-19,1.5215867,1.195243655,1.957451135,0.00433333333333333,1.510205,1.24551951,1.84597143,0.001,-0.0113816999999998
2020-06-20,1.53330395,1.210416355,1.98504984,0.003,1.52072085,1.253553695,1.86955989,0.001,-0.0125831000000001
2020-06-21,1.55445255,1.232593685,1.996256065,0.0025,1.53301195,1.2707809,1.872470585,0.000666666666666667,-0.0214406
2020-06-22,1.56630975,1.24065316,2.04561057,0.00183333333333333,1.544351,1.274420675,1.895950105,5e-04,-0.0219587499999998
2020-06-23,1.5712593,1.234004345,2.03460314,0.00266666666666667,1.55151815,1.276203615,1.901925505,5e-04,-0.01974115
2020-06-24,1.5482101,1.206724115,2.004245225,0.00433333333333333,1.54208475,1.264657725,1.887670545,5e-04,-0.00612535000000003
2020-06-25,1.5704981,1.23452168,2.051174015,0.00316666666666667,1.5571045,1.281037845,1.897866185,0.000333333333333333,-0.0133936000000001
2020-06-26,1.5805474,1.244756195,2.069111415,0.00183333333333333,1.5628722,1.288317575,1.914608855,0.000166666666666667,-0.0176751999999998
2020-06-27,1.5938929,1.26054026,2.077196425,0.002,1.5725659,1.29254606,1.929668105,5e-04,-0.0213270000000001
2020-06-28,1.55731885,1.21331044,2.01509417,0.004,1.556659,1.27581014,1.897691925,0.000333333333333333,-0.000659850000000128
2020-06-29,1.51295655,1.151331845,1.939242815,0.0105,1.5286558,1.25496256,1.858827975,0.00116666666666667,0.0156992499999999
2020-06-30,1.50784935,1.14347141,1.930156845,0.0125,1.52806355,1.25602478,1.85502354,0.00116666666666667,0.0202142000000003
2020-07-01,1.51813935,1.175098025,1.941681935,0.007,1.53769965,1.26157526,1.863321275,0.001,0.0195603
2020-07-02,1.5199794,1.181600925,1.94173394,0.00583333333333333,1.5373071,1.25915613,1.85883378,5e-04,0.0173277000000001
2020-07-03,1.5255776,1.190275965,1.93810145,0.00516666666666667,1.5394952,1.267761415,1.866877075,0.000666666666666667,0.0139176000000001
2020-07-04,1.519587,1.172124955,1.921767765,0.0055,1.53768965,1.258300875,1.867853825,0.0015,0.0181026499999999
2020-07-05,1.5151723,1.17126654,1.92815032,0.00666666666666667,1.5346487,1.255983895,1.87034599,0.00133333333333333,0.0194764000000001
2020-07-06,1.51731775,1.166586035,1.930128155,0.00916666666666667,1.5357356,1.251511255,1.87679696,0.00116666666666667,0.0184178499999998
2020-07-07,1.5321993,1.183312025,1.95933709,0.00633333333333333,1.53977435,1.260757535,1.8822948,0.00116666666666667,0.00757505000000025
2020-07-08,1.5432934,1.19189945,1.975067075,0.00466666666666667,1.54877775,1.26018417,1.889017755,0.000666666666666667,0.00548434999999992
2020-07-09,1.5582403,1.21642324,2.005553575,0.004,1.55448765,1.27751,1.883837405,5e-04,-0.00375265000000002
2020-07-10,1.58199655,1.244429005,2.04744385,0.00216666666666667,1.5619351,1.28506383,1.905968675,0,-0.02006145
2020-07-11,1.5812443,1.24152635,2.05103047,0.00266666666666667,1.5642546,1.28734337,1.914270155,5e-04,-0.0169896999999999
2020-07-12,1.56843755,1.234082415,2.004419895,0.00333333333333333,1.5523793,1.274617915,1.909922065,0.000166666666666667,-0.0160582499999999
2020-07-13,1.54848065,1.20985849,1.988527905,0.00466666666666667,1.53923075,1.25746874,1.887971895,0.000333333333333333,-0.00924990000000014
2020-07-14,1.5323866,1.199314945,1.981534915,0.00383333333333333,1.5283394,1.25925751,1.87375804,0.000666666666666667,-0.00404719999999981
2020-07-15,1.5242653,1.196259175,1.942072265,0.00433333333333333,1.5162977,1.25017349,1.86146148,0.000666666666666667,-0.00796760000000019
2020-07-16,1.51009605,1.17265813,1.925613625,0.00733333333333333,1.5079375,1.24135739,1.846196325,0.001,-0.00215855000000009
2020-07-17,1.47818505,1.13140499,1.882941765,0.0143333333333333,1.48615365,1.219037465,1.82112851,0.00133333333333333,0.00796859999999988
2020-07-18,1.48715665,1.163223765,1.89747515,0.00783333333333333,1.4854558,1.22432077,1.81233878,0.00116666666666667,-0.00170084999999998
2020-07-19,1.5112219,1.19319012,1.92289584,0.00433333333333333,1.4896794,1.234728545,1.837483215,0.00133333333333333,-0.0215425
2020-07-20,1.51604775,1.19158879,1.96126405,0.003,1.48654975,1.23391228,1.834319445,0.000333333333333333,-0.029498
2020-07-21,1.50072645,1.182983995,1.950564985,0.004,1.4724215,1.21885472,1.80715128,0.000166666666666667,-0.0283049500000003
2020-07-22,1.47145795,1.160643045,1.912499605,0.00666666666666667,1.4512767,1.205415985,1.7852457,0.000666666666666667,-0.02018125
2020-07-23,1.43118695,1.118556845,1.82647009,0.0125,1.42609475,1.175551045,1.743679135,0.002,-0.00509220000000021
2020-07-24,1.40139745,1.084629605,1.792931965,0.0195,1.39958015,1.15157265,1.709005275,0.00466666666666667,-0.00181729999999991
2020-07-25,1.36651755,1.041711425,1.74997677,0.0331666666666667,1.3709936,1.12198571,1.67802073,0.008,0.00447604999999984
2020-07-26,1.3400201,1.02171081,1.701088945,0.0401666666666667,1.35303285,1.104725225,1.645278735,0.0095,0.0130127499999999
2020-07-27,1.3564125,1.057725335,1.737691845,0.0241666666666667,1.3533318,1.11826753,1.64150751,0.008,-0.00308070000000016
2020-07-28,1.3684295,1.079707295,1.78465848,0.0188333333333333,1.3509436,1.12297776,1.65677156,0.00583333333333333,-0.0174859000000001
2020-07-29,1.32561855,1.03530685,1.71570447,0.0303333333333333,1.3212935,1.090207535,1.61077643,0.0116666666666667,-0.00432505000000027
2020-07-30,1.2876847,1.00328658,1.654852245,0.0483333333333333,1.29551575,1.06205256,1.583608545,0.0175,0.00783104999999984
2020-07-31,1.25505755,0.9629347705,1.617568945,0.0715,1.2696568,1.037866235,1.541393115,0.0298333333333333,0.0145992499999998
2020-08-01,1.2615032,0.9784969865,1.635214105,0.0643333333333333,1.26281325,1.028533075,1.540568995,0.0311666666666667,0.00131005000000006
2020-08-02,1.26706525,0.985521023,1.63994835,0.0588333333333333,1.25385885,1.029741785,1.53114107,0.0315,-0.0132064000000001
2020-08-03,1.23105435,0.961026281,1.60295249,0.0805,1.23246825,1.007583625,1.499603805,0.0448333333333333,0.00141389999999997
2020-08-04,1.21071425,0.9431376785,1.56038002,0.101,1.20992315,0.9910706095,1.46748326,0.0605,-0.000791100000000045
2020-08-05,1.17680375,0.9076505815,1.516517505,0.1375,1.18097605,0.9662432575,1.444764375,0.0846666666666667,0.00417230000000002
2020-08-06,1.1407579,0.878572791,1.46408477,0.186166666666667,1.154474,0.9420489695,1.41069804,0.119,0.0137160999999999
2020-08-07,1.11520735,0.850512064,1.424197,0.234833333333333,1.13214025,0.9150025365,1.381144855,0.152,0.0169329
2020-08-08,1.09315805,0.8344620835,1.39624783,0.273833333333333,1.1101665,0.8980795815,1.352118585,0.185166666666667,0.0170084500000001
2020-08-09,1.07123235,0.806373485,1.368364865,0.3205,1.09365045,0.88235198,1.33021371,0.2255,0.0224180999999999
2020-08-10,1.0591321,0.8037914645,1.34596714,0.350666666666667,1.0780707,0.8723567695,1.324690075,0.268333333333333,0.0189386
2020-08-11,1.0771439,0.8400540125,1.38128822,0.304166666666667,1.0767059,0.8791785075,1.32786611,0.262666666666667,-0.00043800000000016
2020-08-12,1.0520429,0.8111899325,1.358816205,0.369666666666667,1.05740255,0.8630078875,1.289799115,0.3175,0.00535964999999994
2020-08-13,1.05020915,0.8166813805,1.35708104,0.364333333333333,1.04761,0.86203514,1.284907785,0.335666666666667,-0.00259914999999999
2020-08-14,1.0286183,0.7959772355,1.322109065,0.423666666666667,1.03015965,0.8468736485,1.258892475,0.400333333333333,0.00154134999999989
2020-08-15,1.0343068,0.810700018,1.33505379,0.405833333333333,1.02358105,0.8460304735,1.25251545,0.416,-0.01072575
2020-08-16,1.0328922,0.82221949,1.3407145,0.411,1.01334135,0.8371201385,1.25226072,0.4535,-0.0195508499999999
2020-08-17,0.99789802,0.7887980325,1.30630802,0.505166666666667,0.98803764,0.8102907635,1.21861317,0.543333333333333,-0.00986038000000011
2020-08-18,0.96929601,0.756296099,1.264920465,0.578833333333333,0.967311705,0.7933772395,1.185531275,0.614166666666667,-0.00198430500000002
2020-08-19,0.970873415,0.765891174,1.255597125,0.581333333333333,0.957267995,0.785986209,1.180823925,0.647666666666667,-0.01360542
2020-08-20,0.93760326,0.7306521925,1.221195545,0.669833333333333,0.93531061,0.7664990785,1.143317295,0.725,-0.0022926499999999
2020-08-21,0.910741285,0.704611517,1.166990605,0.739666666666667,0.90925065,0.738463459,1.112901945,0.793,-0.00149063500000013
2020-08-22,0.88177308,0.6764853695,1.13353892,0.807666666666667,0.88836159,0.719744192,1.076819155,0.847,0.00658850999999994
2020-08-23,0.860132575,0.6635842445,1.10972306,0.845333333333333,0.868885915,0.700247851,1.057320995,0.881166666666667,0.00875334000000005
2020-08-24,0.83995981,0.641782396,1.07122964,0.887,0.85076196,0.6795711985,1.03905346,0.905666666666667,0.01080215
2020-08-25,0.81782593,0.624163458,1.04564429,0.916333333333333,0.833695865,0.669165341,1.020282985,0.932833333333333,0.015869935
2020-08-26,0.794965945,0.6011142545,1.018319465,0.935833333333333,0.81661473,0.6466288435,0.99881876,0.9505,0.021648785
2020-08-27,0.781490255,0.588269779,1.00047974,0.9495,0.80278615,0.6354436695,0.9850335895,0.96,0.021295895
2020-08-28,0.77326873,0.574045064,0.997741349,0.952,0.793825035,0.6233751155,0.9806725335,0.9615,0.0205563050000001
2020-08-29,0.764688635,0.567947889,0.9833090145,0.9605,0.783064515,0.615965461,0.968620365,0.969333333333333,0.01837588
2020-08-30,0.76020243,0.569005669,0.981943531,0.960833333333333,0.775536725,0.61115784,0.963470094,0.970166666666667,0.0153342950000001
2020-08-31,0.766626075,0.575306729,0.9984243035,0.950833333333333,0.77171059,0.6058468995,0.9632233345,0.973,0.00508451499999996
2020-09-01,0.76707899,0.57745351,0.999533009,0.951,0.767941435,0.599119085,0.954554963,0.976,0.0008624450000001
2020-09-02,0.76197248,0.5743280465,0.9935857075,0.9535,0.7616352,0.592600893,0.9525779505,0.975833333333333,-0.000337280000000106
2020-09-03,0.763149145,0.56574085,1.00079285,0.949166666666667,0.758283225,0.5843105425,0.9557740195,0.973333333333333,-0.00486591999999997
2020-09-04,0.762531565,0.5611176865,1.013349345,0.941833333333333,0.75145746,0.57179924,0.9613063665,0.969166666666667,-0.0110741050000001
2020-09-05,0.759394435,0.553581761,1.022431275,0.938833333333333,0.74525038,0.563987779,0.9630764465,0.967833333333333,-0.0141440549999999
2020-09-06,0.757936625,0.54616358,1.043773035,0.925333333333333,0.74043654,0.5563022085,0.9788307745,0.960666666666667,-0.0175000850000001
2020-09-07,0.771117705,0.5525673705,1.067250655,0.906833333333333,0.74289516,0.5492502525,0.991391121,0.956,-0.028222545
2020-09-08,0.77867338,0.54415265,1.10079202,0.889166666666667,0.740401155,0.5413817225,1.005307715,0.947,-0.0382722249999999
2020-09-09,0.78701407,0.5418209285,1.13312264,0.868833333333333,0.74107682,0.5310340305,1.01804116,0.9395,-0.04593725
