"fecha","dia_sem","obs","f","banda_lo","banda_hi","lado","resid","pct_predictivo"
2020-06-17,"miércoles",81,669,136,1633,"ABAJO",-1.58,0.72
2020-06-24,"miércoles",115,948,201,2394,"ABAJO",-1.58,0.5
2020-06-29,"lunes",24,1145,246,2770,"ABAJO",-1.76,0
2020-07-17,"viernes",156,2446,527,6056,"ABAJO",-1.69,0.08
2020-07-26,"domingo",106,3195,645,7817,"ABAJO",-1.74,0
2020-07-31,"viernes",550,3538,740,8543,"ABAJO",-1.52,1.22
2020-08-10,"lunes",665,3730,764,9124,"ABAJO",-1.48,1.8
2020-08-14,"viernes",108,3808,760,9109,"ABAJO",-1.75,0.02
2020-08-18,"martes",764,3711,782,8950,"ABAJO",-1.43,2.35
