"dia","fecha","casos","pareto_k"
1,2020-03-14,3,0.618590922448311
2,2020-03-15,2,0.32873600914249
3,2020-03-16,4,0.362047561218016
4,2020-03-17,2,0.346583213959223
5,2020-03-18,1,0.392744609166429
6,2020-03-19,2,0.295661346499915
7,2020-03-20,9,0.259333739419607
8,2020-03-21,1,0.352366376718943
9,2020-03-22,3,0.459838897894776
10,2020-03-23,12,0.112945331298618
11,2020-03-24,18,0.221464594629347
12,2020-03-25,9,0.0372261945247219
13,2020-03-26,4,0.081169803523301
14,2020-03-27,20,0.167106457625435
15,2020-03-28,27,0.312720642567189
16,2020-03-29,21,0.0706871157293047
17,2020-03-30,30,0.131384009907895
18,2020-03-31,34,0.0670480644160602
19,2020-04-01,65,0.222368527429599
20,2020-04-02,46,0.254537289337303
21,2020-04-03,38,0.0878848630291703
22,2020-04-04,82,0.162954143617225
23,2020-04-05,25,0.239960320508698
24,2020-04-06,46,0.157586342630327
25,2020-04-07,71,0.265111184943347
26,2020-04-08,108,0.150734618851575
27,2020-04-09,32,0.120177238087924
28,2020-04-10,81,0.339175744335585
29,2020-04-11,43,0.250050512546658
30,2020-04-12,19,0.373733836570306
31,2020-04-13,23,0.208317270595034
32,2020-04-14,33,0.166168329837754
33,2020-04-15,48,0.187855358129163
34,2020-04-16,43,0.0101162407733747
35,2020-04-17,57,0.263143926472059
36,2020-04-18,85,0.290399601447682
37,2020-04-19,116,0.23892104972066
38,2020-04-20,79,0.255118962912404
39,2020-04-21,69,0.228204993342619
40,2020-04-22,82,0.185385239925811
41,2020-04-23,46,0.320074614379019
42,2020-04-24,173,0.369700473056807
43,2020-04-25,90,0.292018699467307
44,2020-04-26,91,0.182071925452649
45,2020-04-27,103,0.347162106827484
46,2020-04-28,64,0.118026841613178
47,2020-04-29,131,0.23613691293325
48,2020-04-30,89,0.155730576911194
49,2020-05-01,137,0.213302460371385
50,2020-05-02,71,0.149319661903896
51,2020-05-03,111,0.224270036506212
52,2020-05-04,127,0.194087277673126
53,2020-05-05,189,0.35395534300332
54,2020-05-06,200,0.203524677155382
55,2020-05-07,129,0.126952204985415
56,2020-05-08,226,0.281172191744285
57,2020-05-09,209,0.273405609516644
58,2020-05-10,128,0.0965075411439054
59,2020-05-11,150,0.190897242934362
60,2020-05-12,258,0.272828061376621
61,2020-05-13,122,0.150929442771634
62,2020-05-14,207,0.103759511516014
63,2020-05-15,115,0.221522771065021
64,2020-05-16,278,0.0950625532909813
65,2020-05-17,241,0.401048663687471
66,2020-05-18,195,0.138910298641884
67,2020-05-19,216,0.0677132772050406
68,2020-05-20,252,0.246954265779102
69,2020-05-21,122,0.247602285305956
70,2020-05-22,280,0.195296316899832
71,2020-05-23,383,0.224264222919168
72,2020-05-24,237,0.164252286253521
73,2020-05-25,173,0.0907231667177111
74,2020-05-26,355,0.281425344302737
75,2020-05-27,306,0.0946872385042925
76,2020-05-28,490,0.362791429535599
77,2020-05-29,628,0.275089591707955
78,2020-05-30,477,0.190206658380007
79,2020-05-31,348,0.111684748021827
80,2020-06-01,384,0.0998070770590169
81,2020-06-02,374,0.269932018663764
82,2020-06-03,497,0.367528780850552
83,2020-06-04,534,0.176523545306663
84,2020-06-05,404,0.224120300991658
85,2020-06-06,379,0.175183908233838
86,2020-06-07,319,0.0292568704358937
87,2020-06-08,442,0.292346590977399
88,2020-06-09,391,0.0620836988133781
89,2020-06-10,424,-0.0392199226667403
90,2020-06-11,408,0.294727088196351
91,2020-06-12,416,0.196763786390622
92,2020-06-13,565,0.313262622517423
93,2020-06-14,628,0.116935208437909
94,2020-06-15,414,0.210273190620697
95,2020-06-16,807,0.40108455719476
96,2020-06-17,81,0.307046862529355
97,2020-06-18,806,0.177436263950583
98,2020-06-19,1082,0.239554749057307
99,2020-06-20,696,0.301742170784698
100,2020-06-21,876,0.157310439141183
101,2020-06-22,1182,0.301456021265598
102,2020-06-23,1333,0.380400231175597
103,2020-06-24,115,0.404359932908037
104,2020-06-25,1278,0.302997713788476
105,2020-06-26,1012,0.207332132588779
106,2020-06-27,2158,0.304256139445771
107,2020-06-28,1469,0.260765439806523
108,2020-06-29,24,0.321252062843729
109,2020-06-30,707,0.141859613781668
110,2020-07-01,1416,0.187334274163705
111,2020-07-02,1335,0.288915067390347
112,2020-07-03,1451,0.342051214594822
113,2020-07-04,1182,0.0863430590977099
114,2020-07-05,1291,0.20555962662483
115,2020-07-06,1101,0.0584410687868843
116,2020-07-07,1630,0.321740248971598
117,2020-07-08,1509,0.254818297267891
118,2020-07-09,1649,0.199389671519562
119,2020-07-10,2690,0.0703132436100481
120,2020-07-11,2520,0.227709432685608
121,2020-07-12,2200,0.218602687322899
122,2020-07-13,1728,0.0520571645891841
123,2020-07-14,1909,0.147983904900401
124,2020-07-15,2464,0.271381114290775
125,2020-07-16,3134,0.334237194155483
126,2020-07-17,156,0.456775295332478
127,2020-07-18,1879,0.116241896328297
128,2020-07-19,3803,0.188958448944208
129,2020-07-20,4099,0.22915180208549
130,2020-07-21,3572,0.175798251438582
131,2020-07-22,3968,0.422799959975464
132,2020-07-23,2329,0.238893663218445
133,2020-07-24,3271,0.263378183831324
134,2020-07-25,2484,0.0945630790296769
135,2020-07-26,106,0.437755180386735
136,2020-07-27,3206,0.351276421358105
137,2020-07-28,8581,0.491915050678798
138,2020-07-29,3239,0.222805768892159
139,2020-07-30,3181,0.178572094589388
140,2020-07-31,550,0.165445695108165
141,2020-08-01,3933,0.194848882770457
142,2020-08-02,6899,0.478042521517631
143,2020-08-03,3042,0.245579033134309
144,2020-08-04,4939,0.0281642644551174
145,2020-08-05,3632,0.225284678630674
146,2020-08-06,2793,0.0330962249701413
147,2020-08-07,3385,0.207435357217953
148,2020-08-08,3433,0.287907033463377
149,2020-08-09,2178,0.164875255166217
150,2020-08-10,665,0.192352416992777
151,2020-08-11,8472,0.368372792310389
152,2020-08-12,1182,0.330633748480548
153,2020-08-13,7084,0.259731774864892
154,2020-08-14,108,0.381546394033846
155,2020-08-15,5056,0.185808782819808
156,2020-08-16,8410,0.372244192205309
157,2020-08-17,3584,0.126336695215463
158,2020-08-18,764,0.101458479541496
159,2020-08-19,7906,0.330640878384254
160,2020-08-20,3658,0.185858542026912
161,2020-08-21,3685,0.262678759822694
162,2020-08-22,2911,0.229284766476771
163,2020-08-23,3487,0.244352052642397
164,2020-08-24,3128,0.33933797060304
165,2020-08-25,3264,0.130536245627314
166,2020-08-26,2494,0.337877590296354
167,2020-08-27,2157,0.15878307181701
168,2020-08-28,2871,0.341083524509736
169,2020-08-29,1971,0.146731720189068
170,2020-08-30,1912,0.11552294751339
171,2020-08-31,3415,0.1594298640522
172,2020-09-01,2889,0.350093031658698
173,2020-09-02,2027,0.122779007835561
174,2020-09-03,2558,0.277162422739086
175,2020-09-04,2110,0.177648162522813
176,2020-09-05,2067,0.0931182802654371
177,2020-09-06,1218,0.057577976334554
178,2020-09-07,2637,0.272058868312926
179,2020-09-08,1873,0.154239193872362
180,2020-09-09,1755,0.125080386221806
