"fecha","modelo","mediana","lo","hi","p_menor1"
2020-03-14,"AR(1)",1.25503695,0.8476096375,1.76389015,0.1565
2020-03-15,"AR(1)",1.255504,0.850466283,1.73850527,0.156
2020-03-16,"AR(1)",1.25718845,0.8482167285,1.734159085,0.148833333333333
2020-03-17,"AR(1)",1.25891785,0.8413302765,1.718370035,0.148333333333333
2020-03-18,"AR(1)",1.2605181,0.8470064355,1.73600325,0.152333333333333
2020-03-19,"AR(1)",1.274275,0.868551415,1.72924174,0.1355
2020-03-20,"AR(1)",1.3005486,0.889591005,1.7313156,0.118
2020-03-21,"AR(1)",1.3154851,0.902201202,1.741083785,0.102666666666667
2020-03-22,"AR(1)",1.3503313,0.9279569035,1.7911141,0.0825
2020-03-23,"AR(1)",1.39102085,1.000944685,1.808405285,0.0496666666666667
2020-03-24,"AR(1)",1.4279724,1.044460085,1.85817551,0.0336666666666667
2020-03-25,"AR(1)",1.4647894,1.096032195,1.892110085,0.02
2020-03-26,"AR(1)",1.5057991,1.16154155,1.928594855,0.0111666666666667
2020-03-27,"AR(1)",1.5716894,1.248337915,2.03066056,0.00233333333333333
2020-03-28,"AR(1)",1.6198973,1.30224373,2.116271135,5e-04
2020-03-29,"AR(1)",1.64771835,1.33113398,2.16539313,0.000333333333333333
2020-03-30,"AR(1)",1.67257045,1.35759806,2.2226197,0
2020-03-31,"AR(1)",1.6938373,1.378413035,2.25304425,0
2020-04-01,"AR(1)",1.7010367,1.38069707,2.26804877,0
2020-04-02,"AR(1)",1.66890405,1.364309995,2.199877545,0.000166666666666667
2020-04-03,"AR(1)",1.62799595,1.33669718,2.09246675,0.000166666666666667
2020-04-04,"AR(1)",1.59204195,1.30940193,2.05876148,5e-04
2020-04-05,"AR(1)",1.52821745,1.246124025,1.919382375,0.002
2020-04-06,"AR(1)",1.49599775,1.21677063,1.854529445,0.0035
2020-04-07,"AR(1)",1.4708605,1.193685605,1.826049515,0.00383333333333333
2020-04-08,"AR(1)",1.43839605,1.162283395,1.77036984,0.00583333333333333
2020-04-09,"AR(1)",1.375696,1.073751775,1.662676205,0.0211666666666667
2020-04-10,"AR(1)",1.33515615,1.03346483,1.610162135,0.0336666666666667
2020-04-11,"AR(1)",1.28799565,0.9618533425,1.540240315,0.0715
2020-04-12,"AR(1)",1.2450834,0.9021078275,1.50615766,0.1085
2020-04-13,"AR(1)",1.22845285,0.8970924925,1.4878889,0.124666666666667
2020-04-14,"AR(1)",1.2282284,0.91132504,1.47622613,0.109833333333333
2020-04-15,"AR(1)",1.2397066,0.941152365,1.49495413,0.0901666666666667
2020-04-16,"AR(1)",1.25460395,0.966401812,1.510243075,0.0701666666666667
2020-04-17,"AR(1)",1.27247885,1.001849965,1.54609752,0.049
2020-04-18,"AR(1)",1.29489275,1.04325765,1.60715874,0.0268333333333333
2020-04-19,"AR(1)",1.3044936,1.065685055,1.637482855,0.0195
2020-04-20,"AR(1)",1.2993179,1.055256565,1.612104785,0.0255
2020-04-21,"AR(1)",1.2912704,1.053289055,1.59870653,0.0256666666666667
2020-04-22,"AR(1)",1.29078315,1.04401081,1.58841234,0.0295
2020-04-23,"AR(1)",1.28908545,1.03745185,1.59317074,0.0291666666666667
2020-04-24,"AR(1)",1.30081375,1.065387975,1.625421765,0.0198333333333333
2020-04-25,"AR(1)",1.2883038,1.05129501,1.58807726,0.0265
2020-04-26,"AR(1)",1.2754755,1.03131751,1.57869616,0.0341666666666667
2020-04-27,"AR(1)",1.27054045,1.02674886,1.556929725,0.0371666666666667
2020-04-28,"AR(1)",1.2648394,1.001914489,1.540250635,0.05
2020-04-29,"AR(1)",1.266367,1.018098565,1.551291335,0.0401666666666667
2020-04-30,"AR(1)",1.2626029,1.004833295,1.562894355,0.048
2020-05-01,"AR(1)",1.26697515,1.01252095,1.56686213,0.0443333333333333
2020-05-02,"AR(1)",1.2631539,1.00570777,1.55381315,0.047
2020-05-03,"AR(1)",1.26990375,1.02324348,1.569927265,0.0368333333333333
2020-05-04,"AR(1)",1.28350985,1.04121164,1.594832755,0.0275
2020-05-05,"AR(1)",1.29414395,1.061096885,1.63294105,0.0208333333333333
2020-05-06,"AR(1)",1.2963465,1.06613976,1.64676886,0.0178333333333333
2020-05-07,"AR(1)",1.2891724,1.052638175,1.601972315,0.023
2020-05-08,"AR(1)",1.28769925,1.05385052,1.60708796,0.0228333333333333
2020-05-09,"AR(1)",1.27415655,1.036574465,1.57888515,0.0305
2020-05-10,"AR(1)",1.25552235,1.01346153,1.540970615,0.0426666666666667
2020-05-11,"AR(1)",1.24719,1.010665075,1.528602395,0.0445
2020-05-12,"AR(1)",1.24944705,1.007525695,1.531550445,0.0453333333333333
2020-05-13,"AR(1)",1.2330948,0.976763555,1.51391061,0.0653333333333333
2020-05-14,"AR(1)",1.23261455,0.9851206,1.504840495,0.06
2020-05-15,"AR(1)",1.22914035,0.975230462,1.507572555,0.0663333333333333
2020-05-16,"AR(1)",1.23657735,0.99938928,1.512864405,0.0506666666666667
2020-05-17,"AR(1)",1.23849565,1.001104445,1.516779525,0.0498333333333333
2020-05-18,"AR(1)",1.2382794,0.996496842,1.51974651,0.053
2020-05-19,"AR(1)",1.2388817,0.991178818,1.525023535,0.057
2020-05-20,"AR(1)",1.2396555,1.004061085,1.524098055,0.0478333333333333
2020-05-21,"AR(1)",1.23952695,0.9954428705,1.51744033,0.0528333333333333
2020-05-22,"AR(1)",1.25595575,1.01252358,1.555871225,0.0418333333333333
2020-05-23,"AR(1)",1.26754845,1.0270089,1.576048995,0.036
2020-05-24,"AR(1)",1.2598535,1.01541859,1.56728641,0.0421666666666667
2020-05-25,"AR(1)",1.2625001,1.018302455,1.56998335,0.0403333333333333
2020-05-26,"AR(1)",1.27566775,1.04393323,1.60253765,0.0291666666666667
2020-05-27,"AR(1)",1.28364975,1.054291785,1.626941465,0.0236666666666667
2020-05-28,"AR(1)",1.29350575,1.065102665,1.644340855,0.0178333333333333
2020-05-29,"AR(1)",1.294015,1.070866085,1.63677281,0.0178333333333333
2020-05-30,"AR(1)",1.2730969,1.04035697,1.59340237,0.0278333333333333
2020-05-31,"AR(1)",1.24754785,1.010489435,1.546386115,0.0431666666666667
2020-06-01,"AR(1)",1.2313362,0.989899587,1.51261018,0.0591666666666667
2020-06-02,"AR(1)",1.21736315,0.976285961,1.492022685,0.0668333333333333
2020-06-03,"AR(1)",1.2116351,0.975481872,1.469110325,0.0671666666666667
2020-06-04,"AR(1)",1.201613,0.964579851,1.46605053,0.0798333333333333
2020-06-05,"AR(1)",1.18267165,0.9292968295,1.44858355,0.1065
2020-06-06,"AR(1)",1.17035515,0.9215960265,1.415727335,0.120166666666667
2020-06-07,"AR(1)",1.16615885,0.909645289,1.40521928,0.137833333333333
2020-06-08,"AR(1)",1.1708168,0.9170631835,1.413719765,0.1315
2020-06-09,"AR(1)",1.1734322,0.9154468085,1.418962585,0.125
2020-06-10,"AR(1)",1.18105025,0.9307825495,1.428529955,0.113833333333333
2020-06-11,"AR(1)",1.1899083,0.94261394,1.445073455,0.0985
2020-06-12,"AR(1)",1.2043867,0.953443083,1.466607665,0.0838333333333333
2020-06-13,"AR(1)",1.22157935,0.9816617815,1.49435284,0.065
2020-06-14,"AR(1)",1.23606235,0.9942398195,1.513400785,0.0536666666666667
2020-06-15,"AR(1)",1.24363615,0.9929471595,1.52943848,0.0555
2020-06-16,"AR(1)",1.25858005,1.01474765,1.56178928,0.0415
2020-06-17,"AR(1)",1.26082095,1.005217015,1.560216765,0.0465
2020-06-18,"AR(1)",1.2920629,1.05392435,1.61669564,0.0265
2020-06-19,"AR(1)",1.3155077,1.07852439,1.66715631,0.0181666666666667
2020-06-20,"AR(1)",1.31968345,1.087698075,1.65475113,0.0151666666666667
2020-06-21,"AR(1)",1.3268026,1.085960165,1.677678695,0.0131666666666667
2020-06-22,"AR(1)",1.3327529,1.090147145,1.683570805,0.0168333333333333
2020-06-23,"AR(1)",1.3264447,1.09181985,1.63933393,0.0125
2020-06-24,"AR(1)",1.3023918,1.050554085,1.60644619,0.0273333333333333
2020-06-25,"AR(1)",1.31391185,1.07598629,1.6290424,0.017
2020-06-26,"AR(1)",1.31534745,1.079621575,1.61553893,0.0175
2020-06-27,"AR(1)",1.32253195,1.09452703,1.643552595,0.0126666666666667
2020-06-28,"AR(1)",1.29049355,1.042109595,1.58951688,0.0305
2020-06-29,"AR(1)",1.2598621,0.9696978625,1.52645848,0.0688333333333333
2020-06-30,"AR(1)",1.25690675,0.9746535755,1.519663045,0.063
2020-07-01,"AR(1)",1.26800155,1.006848305,1.54854444,0.0456666666666667
2020-07-02,"AR(1)",1.2775625,1.01763901,1.54603045,0.0401666666666667
2020-07-03,"AR(1)",1.27864575,1.02573113,1.561998895,0.0358333333333333
2020-07-04,"AR(1)",1.27662785,1.013916595,1.568135155,0.0426666666666667
2020-07-05,"AR(1)",1.27639405,1.01062643,1.581216785,0.0441666666666667
2020-07-06,"AR(1)",1.2820843,1.025942405,1.576253045,0.0368333333333333
2020-07-07,"AR(1)",1.29309215,1.03962186,1.596102895,0.0306666666666667
2020-07-08,"AR(1)",1.3003899,1.04221987,1.60628722,0.03
2020-07-09,"AR(1)",1.30958795,1.067072695,1.62988388,0.0201666666666667
2020-07-10,"AR(1)",1.32190815,1.092891065,1.650482245,0.0131666666666667
2020-07-11,"AR(1)",1.31738335,1.082341935,1.637967745,0.0176666666666667
2020-07-12,"AR(1)",1.30223705,1.062984495,1.61233087,0.0226666666666667
2020-07-13,"AR(1)",1.28763015,1.044321345,1.583661765,0.0281666666666667
2020-07-14,"AR(1)",1.2783744,1.032313715,1.576330865,0.0323333333333333
2020-07-15,"AR(1)",1.27571115,1.021616675,1.575462825,0.0398333333333333
2020-07-16,"AR(1)",1.26737225,1.02031405,1.554090245,0.0386666666666667
2020-07-17,"AR(1)",1.24516135,0.979999973,1.515205235,0.0616666666666667
2020-07-18,"AR(1)",1.2557911,1.01175024,1.5396758,0.0426666666666667
2020-07-19,"AR(1)",1.2716925,1.044810565,1.59014683,0.0263333333333333
2020-07-20,"AR(1)",1.27500285,1.054546005,1.59700983,0.0203333333333333
2020-07-21,"AR(1)",1.2608556,1.040080765,1.581791275,0.0281666666666667
2020-07-22,"AR(1)",1.24445465,1.012795245,1.535000965,0.0408333333333333
2020-07-23,"AR(1)",1.2163282,0.975685755,1.48995643,0.0668333333333333
2020-07-24,"AR(1)",1.19883475,0.959504858,1.46325769,0.0805
2020-07-25,"AR(1)",1.17984185,0.9376071585,1.435088025,0.105833333333333
2020-07-26,"AR(1)",1.16273005,0.9087227625,1.40882113,0.127
2020-07-27,"AR(1)",1.1806807,0.958277959,1.45360354,0.0866666666666667
2020-07-28,"AR(1)",1.19750545,0.996240873,1.49158217,0.0536666666666667
2020-07-29,"AR(1)",1.165514,0.9530050485,1.43806593,0.0958333333333333
2020-07-30,"AR(1)",1.14074705,0.919533721,1.400660225,0.138333333333333
2020-07-31,"AR(1)",1.12057135,0.8828873945,1.36836305,0.184
2020-08-01,"AR(1)",1.12809705,0.912185596,1.38265565,0.151333333333333
2020-08-02,"AR(1)",1.13075265,0.9311950015,1.38885362,0.139666666666667
2020-08-03,"AR(1)",1.1062695,0.9017579265,1.363543115,0.189166666666667
2020-08-04,"AR(1)",1.09275315,0.8855180615,1.339118255,0.22
2020-08-05,"AR(1)",1.0714012,0.8602888845,1.315218555,0.267666666666667
2020-08-06,"AR(1)",1.05093085,0.8345061385,1.279981025,0.331333333333333
2020-08-07,"AR(1)",1.04091735,0.8240964125,1.26774187,0.366333333333333
2020-08-08,"AR(1)",1.0311187,0.812726172,1.26470471,0.397333333333333
2020-08-09,"AR(1)",1.0181668,0.798217584,1.2441493,0.438666666666667
2020-08-10,"AR(1)",1.0160593,0.8010362235,1.247625225,0.4345
2020-08-11,"AR(1)",1.04352635,0.846706497,1.291882025,0.348
2020-08-12,"AR(1)",1.02791505,0.8262252835,1.27144699,0.398666666666667
2020-08-13,"AR(1)",1.03232125,0.844801454,1.297457155,0.391
2020-08-14,"AR(1)",1.0126782,0.811608147,1.259962375,0.452666666666667
2020-08-15,"AR(1)",1.02121955,0.83692201,1.29502964,0.427
2020-08-16,"AR(1)",1.0210361,0.8479638685,1.296276145,0.423
2020-08-17,"AR(1)",0.991401785,0.815174334,1.240650395,0.527
2020-08-18,"AR(1)",0.968221075,0.7875924305,1.20354433,0.611166666666667
2020-08-19,"AR(1)",0.97211206,0.80055278,1.217974785,0.6065
2020-08-20,"AR(1)",0.942827625,0.765661554,1.171849375,0.694833333333333
2020-08-21,"AR(1)",0.922878905,0.740128128,1.139905355,0.763333333333333
2020-08-22,"AR(1)",0.90142182,0.725132623,1.0958502,0.813833333333333
2020-08-23,"AR(1)",0.888953575,0.7116475065,1.086531895,0.842666666666667
2020-08-24,"AR(1)",0.876843385,0.7009423385,1.06873018,0.870333333333333
2020-08-25,"AR(1)",0.86573426,0.683731335,1.053112605,0.892
2020-08-26,"AR(1)",0.85360562,0.6664579835,1.043272935,0.904333333333333
2020-08-27,"AR(1)",0.84475807,0.66216427,1.041419125,0.911333333333333
2020-08-28,"AR(1)",0.84584453,0.664746954,1.03689147,0.914833333333333
2020-08-29,"AR(1)",0.842057715,0.6594465525,1.034373185,0.915833333333333
2020-08-30,"AR(1)",0.846013715,0.670291722,1.05057616,0.9095
2020-08-31,"AR(1)",0.855381355,0.685357216,1.069889945,0.8875
2020-09-01,"AR(1)",0.85853387,0.6858209955,1.075370785,0.8815
2020-09-02,"AR(1)",0.85611263,0.6856143715,1.06999879,0.883833333333333
2020-09-03,"AR(1)",0.86254713,0.6851017875,1.08344152,0.8745
2020-09-04,"AR(1)",0.86391888,0.679303299,1.09404628,0.858333333333333
2020-09-05,"AR(1)",0.86810367,0.679576668,1.10543907,0.840333333333333
2020-09-06,"AR(1)",0.87500608,0.6784611315,1.126792125,0.822833333333333
2020-09-07,"AR(1)",0.89190676,0.6913233765,1.158638395,0.772166666666667
2020-09-08,"AR(1)",0.90248619,0.69727671,1.19197721,0.743333333333333
2020-09-09,"AR(1)",0.9168789,0.6947135195,1.24126433,0.697166666666667
2020-03-14,"Random walk",1.44613505,1.09933594,1.844532535,0.0213333333333333
2020-03-15,"Random walk",1.4511717,1.102952815,1.845820495,0.0186666666666667
2020-03-16,"Random walk",1.45198185,1.11801475,1.83455264,0.0158333333333333
2020-03-17,"Random walk",1.45734895,1.134044265,1.817620435,0.0131666666666667
2020-03-18,"Random walk",1.46173325,1.15034155,1.81326466,0.0128333333333333
2020-03-19,"Random walk",1.46767835,1.166130515,1.809966615,0.0095
2020-03-20,"Random walk",1.47516035,1.179311625,1.80974488,0.00883333333333333
2020-03-21,"Random walk",1.48240035,1.20372459,1.811265935,0.00516666666666667
2020-03-22,"Random walk",1.49387185,1.22682155,1.808511095,0.00333333333333333
2020-03-23,"Random walk",1.5025293,1.248058345,1.805738495,0.00116666666666667
2020-03-24,"Random walk",1.5149553,1.27150482,1.817932875,0.001
2020-03-25,"Random walk",1.52163745,1.29356002,1.82485935,0.000333333333333333
2020-03-26,"Random walk",1.5332128,1.31558336,1.820708065,0.000166666666666667
2020-03-27,"Random walk",1.54793725,1.335865615,1.833297555,0
2020-03-28,"Random walk",1.55621655,1.35310732,1.844886725,0
2020-03-29,"Random walk",1.56123925,1.360886975,1.84578651,0
2020-03-30,"Random walk",1.5629936,1.366541015,1.849802655,0
2020-03-31,"Random walk",1.5627461,1.36564699,1.84893716,0
2020-04-01,"Random walk",1.55818275,1.363577085,1.83688249,0
2020-04-02,"Random walk",1.54405225,1.358439615,1.811568515,0
2020-04-03,"Random walk",1.52832255,1.35259148,1.77534827,0
2020-04-04,"Random walk",1.51386405,1.344691625,1.74700057,0
2020-04-05,"Random walk",1.49033885,1.323148275,1.702480485,0
2020-04-06,"Random walk",1.4698546,1.306773885,1.675041625,0
2020-04-07,"Random walk",1.45249555,1.29335663,1.64763277,0
2020-04-08,"Random walk",1.4326898,1.274846695,1.61548991,0
2020-04-09,"Random walk",1.4072895,1.249251995,1.580175635,0.000166666666666667
2020-04-10,"Random walk",1.3847927,1.22803295,1.54952972,0.000333333333333333
2020-04-11,"Random walk",1.3645605,1.196901865,1.521093915,0.00116666666666667
2020-04-12,"Random walk",1.3456649,1.17954433,1.49942283,0.00166666666666667
2020-04-13,"Random walk",1.3333493,1.163699135,1.483026135,0.0025
2020-04-14,"Random walk",1.32611205,1.154434485,1.4752068,0.00216666666666667
2020-04-15,"Random walk",1.32086225,1.154950825,1.46659005,0.00216666666666667
2020-04-16,"Random walk",1.3166396,1.15231651,1.46271927,0.00283333333333333
2020-04-17,"Random walk",1.3135181,1.151043205,1.460225085,0.003
2020-04-18,"Random walk",1.31281735,1.160337225,1.45646509,0.002
2020-04-19,"Random walk",1.31052835,1.158322015,1.45693311,0.00166666666666667
2020-04-20,"Random walk",1.30516695,1.15807774,1.446149885,0.000666666666666667
2020-04-21,"Random walk",1.29893505,1.15351328,1.44104936,0.000666666666666667
2020-04-22,"Random walk",1.29512535,1.14905013,1.43438453,0.0015
2020-04-23,"Random walk",1.29210875,1.149675255,1.434181425,0.00216666666666667
2020-04-24,"Random walk",1.2921082,1.14548146,1.433082805,0.00183333333333333
2020-04-25,"Random walk",1.2876158,1.138167275,1.43188452,0.00266666666666667
2020-04-26,"Random walk",1.2812464,1.13242585,1.43259865,0.00166666666666667
2020-04-27,"Random walk",1.27864435,1.12892526,1.4253745,0.001
2020-04-28,"Random walk",1.27354415,1.128671885,1.42373453,0.003
2020-04-29,"Random walk",1.27380185,1.12922968,1.422039035,0.00183333333333333
2020-04-30,"Random walk",1.2720167,1.131012235,1.41785759,0.0025
2020-05-01,"Random walk",1.27094715,1.13007677,1.42191479,0.00216666666666667
2020-05-02,"Random walk",1.2705374,1.128850625,1.415866085,0.00266666666666667
2020-05-03,"Random walk",1.2708803,1.127279935,1.423896735,0.002
2020-05-04,"Random walk",1.271163,1.132167175,1.424455185,0.00166666666666667
2020-05-05,"Random walk",1.27283435,1.136878095,1.42837359,0.00133333333333333
2020-05-06,"Random walk",1.27185135,1.134683255,1.428711805,0.000833333333333333
2020-05-07,"Random walk",1.2682276,1.13237268,1.42892838,5e-04
2020-05-08,"Random walk",1.2657177,1.13136843,1.42641056,0.000666666666666667
2020-05-09,"Random walk",1.26271545,1.12668109,1.421253725,0.0015
2020-05-10,"Random walk",1.25868925,1.122089115,1.413217465,0.002
2020-05-11,"Random walk",1.25569345,1.120792315,1.4025919,0.002
2020-05-12,"Random walk",1.2541744,1.117475905,1.401170605,0.0035
2020-05-13,"Random walk",1.25210305,1.11055282,1.39821214,0.00266666666666667
2020-05-14,"Random walk",1.25132435,1.110459575,1.397130885,0.00266666666666667
2020-05-15,"Random walk",1.24893075,1.112866825,1.39295064,0.003
2020-05-16,"Random walk",1.24948075,1.1188707,1.395476065,0.003
2020-05-17,"Random walk",1.25026265,1.114542915,1.393860395,0.00233333333333333
2020-05-18,"Random walk",1.2500367,1.109396625,1.396396365,0.003
2020-05-19,"Random walk",1.248231,1.11431564,1.39211559,0.00266666666666667
2020-05-20,"Random walk",1.2483915,1.117665175,1.39482733,0.00333333333333333
2020-05-21,"Random walk",1.2496162,1.114130625,1.40223673,0.00383333333333333
2020-05-22,"Random walk",1.25200635,1.118515285,1.40656671,0.00183333333333333
2020-05-23,"Random walk",1.2536905,1.12274391,1.40855474,0.00166666666666667
2020-05-24,"Random walk",1.2513078,1.12062592,1.410068975,0.0025
2020-05-25,"Random walk",1.25170685,1.11950518,1.404928785,0.00216666666666667
2020-05-26,"Random walk",1.25318585,1.12269518,1.412821015,0.00116666666666667
2020-05-27,"Random walk",1.25504055,1.11935155,1.413604105,0.00166666666666667
2020-05-28,"Random walk",1.25738745,1.126110755,1.4089944,0.0015
2020-05-29,"Random walk",1.25403895,1.122977995,1.41044219,0.002
2020-05-30,"Random walk",1.2480564,1.11404174,1.396703235,0.00266666666666667
2020-05-31,"Random walk",1.24004515,1.106245795,1.38753764,0.00333333333333333
2020-06-01,"Random walk",1.23560955,1.098606255,1.37381632,0.0065
2020-06-02,"Random walk",1.2322274,1.09223694,1.375190345,0.0065
2020-06-03,"Random walk",1.22971505,1.086305455,1.369230185,0.006
2020-06-04,"Random walk",1.2265712,1.08154981,1.36856675,0.00666666666666667
2020-06-05,"Random walk",1.2227858,1.07826383,1.365116055,0.00833333333333333
2020-06-06,"Random walk",1.2197338,1.071730975,1.35680433,0.01
2020-06-07,"Random walk",1.2188463,1.0691844,1.35993166,0.0121666666666667
2020-06-08,"Random walk",1.2200695,1.070290005,1.35848996,0.0116666666666667
2020-06-09,"Random walk",1.2222574,1.073141945,1.35900358,0.0095
2020-06-10,"Random walk",1.22567585,1.07332521,1.36754635,0.0103333333333333
2020-06-11,"Random walk",1.22958775,1.083201105,1.3656283,0.009
2020-06-12,"Random walk",1.2355188,1.091323575,1.37554603,0.00583333333333333
2020-06-13,"Random walk",1.2429105,1.099530565,1.38152434,0.00583333333333333
2020-06-14,"Random walk",1.24845185,1.108880205,1.39113791,0.0045
2020-06-15,"Random walk",1.2540549,1.11599926,1.402223535,0.00283333333333333
2020-06-16,"Random walk",1.2600004,1.12234017,1.41095919,0.00266666666666667
2020-06-17,"Random walk",1.2671481,1.12608389,1.420975875,0.00183333333333333
2020-06-18,"Random walk",1.2758926,1.13906026,1.434017015,0.00133333333333333
2020-06-19,"Random walk",1.28366185,1.15339942,1.437677275,0.001
2020-06-20,"Random walk",1.2869506,1.156167125,1.45249088,0.000833333333333333
2020-06-21,"Random walk",1.2921409,1.15834929,1.45791735,0.000833333333333333
2020-06-22,"Random walk",1.2953304,1.16406998,1.46170357,0.000333333333333333
2020-06-23,"Random walk",1.29757725,1.164250225,1.46375248,0.000166666666666667
2020-06-24,"Random walk",1.2943321,1.15962972,1.46206504,5e-04
2020-06-25,"Random walk",1.2985658,1.164014595,1.460714425,0.000166666666666667
2020-06-26,"Random walk",1.30003055,1.164455405,1.46233397,0.000333333333333333
2020-06-27,"Random walk",1.3026682,1.16572015,1.46505761,0.000333333333333333
2020-06-28,"Random walk",1.2971647,1.15909829,1.45760322,0.000666666666666667
2020-06-29,"Random walk",1.2929071,1.150524825,1.44300275,0.0015
2020-06-30,"Random walk",1.2917907,1.15021726,1.44666445,0.001
2020-07-01,"Random walk",1.2924642,1.146864355,1.45046045,0.000833333333333333
2020-07-02,"Random walk",1.2936033,1.15098434,1.450494295,5e-04
2020-07-03,"Random walk",1.2944998,1.151155195,1.45700266,0.0015
2020-07-04,"Random walk",1.294686,1.15368718,1.45916586,0.001
2020-07-05,"Random walk",1.295301,1.155313395,1.4527179,0.002
2020-07-06,"Random walk",1.29497485,1.15564308,1.453558375,0.00166666666666667
2020-07-07,"Random walk",1.29464245,1.15594049,1.460428305,0.001
2020-07-08,"Random walk",1.29425105,1.160477625,1.460726425,0.001
2020-07-09,"Random walk",1.29522665,1.16173184,1.46547066,0.000666666666666667
2020-07-10,"Random walk",1.29605065,1.16315429,1.46931772,5e-04
2020-07-11,"Random walk",1.29500825,1.1600984,1.457861015,5e-04
2020-07-12,"Random walk",1.2887673,1.154914985,1.453679905,5e-04
2020-07-13,"Random walk",1.2846567,1.14721808,1.446827225,0.000833333333333333
2020-07-14,"Random walk",1.28035415,1.142357045,1.441586425,5e-04
2020-07-15,"Random walk",1.277297,1.138333155,1.432265505,0.00133333333333333
2020-07-16,"Random walk",1.2705755,1.134830675,1.420455485,0.00133333333333333
2020-07-17,"Random walk",1.26196245,1.12745548,1.416332645,0.002
2020-07-18,"Random walk",1.2571578,1.124837785,1.41382342,0.002
2020-07-19,"Random walk",1.25396445,1.12552887,1.413194115,0.00166666666666667
2020-07-20,"Random walk",1.2512393,1.11948614,1.406999735,0.00116666666666667
2020-07-21,"Random walk",1.24096245,1.113973725,1.399737395,0.00283333333333333
2020-07-22,"Random walk",1.2302785,1.100763155,1.39009379,0.00333333333333333
2020-07-23,"Random walk",1.2203516,1.088896615,1.373389,0.00483333333333333
2020-07-24,"Random walk",1.20958375,1.07920469,1.355792805,0.00616666666666667
2020-07-25,"Random walk",1.19679925,1.068717245,1.346661815,0.0115
2020-07-26,"Random walk",1.18699385,1.05684755,1.335188955,0.0133333333333333
2020-07-27,"Random walk",1.1819633,1.05531153,1.33322783,0.0115
2020-07-28,"Random walk",1.1775781,1.051692835,1.329397255,0.0121666666666667
2020-07-29,"Random walk",1.16353945,1.039464615,1.306113345,0.0153333333333333
2020-07-30,"Random walk",1.15113675,1.02813041,1.289800775,0.023
2020-07-31,"Random walk",1.13809475,1.013329305,1.279027155,0.0378333333333333
2020-08-01,"Random walk",1.1300375,1.010647815,1.27255729,0.039
2020-08-02,"Random walk",1.12299345,1.0028718,1.26471095,0.046
2020-08-03,"Random walk",1.10942345,0.9898708425,1.24388768,0.0626666666666667
2020-08-04,"Random walk",1.09897245,0.9796370715,1.23913587,0.0815
2020-08-05,"Random walk",1.086122,0.9656703105,1.22205649,0.108333333333333
2020-08-06,"Random walk",1.07478255,0.955416352,1.206643865,0.141666666666667
2020-08-07,"Random walk",1.0647325,0.9470833745,1.192567415,0.170166666666667
2020-08-08,"Random walk",1.0541132,0.939986948,1.18187176,0.211
2020-08-09,"Random walk",1.04527445,0.931006328,1.16969518,0.2575
2020-08-10,"Random walk",1.03643745,0.9208322205,1.162632455,0.2925
2020-08-11,"Random walk",1.0332419,0.92144308,1.160582845,0.315
2020-08-12,"Random walk",1.0227234,0.911305899,1.150687275,0.369166666666667
2020-08-13,"Random walk",1.015359,0.903983798,1.1451515,0.413333333333333
2020-08-14,"Random walk",1.00347735,0.8910889045,1.13314194,0.480333333333333
2020-08-15,"Random walk",0.995675715,0.888820885,1.12529232,0.524
2020-08-16,"Random walk",0.98746778,0.8840262395,1.112363085,0.576333333333333
2020-08-17,"Random walk",0.97415473,0.8684427305,1.09537584,0.652666666666667
2020-08-18,"Random walk",0.960308875,0.858092726,1.080969995,0.719166666666667
2020-08-19,"Random walk",0.95240214,0.8480975055,1.072202185,0.758166666666667
2020-08-20,"Random walk",0.939744935,0.83174994,1.05611228,0.809333333333333
2020-08-21,"Random walk",0.927073745,0.8155193875,1.04432642,0.8575
2020-08-22,"Random walk",0.916037035,0.8008798135,1.027884255,0.894
2020-08-23,"Random walk",0.905859085,0.7904218295,1.019024335,0.917666666666667
2020-08-24,"Random walk",0.896264645,0.7799117455,1.00692118,0.940833333333333
2020-08-25,"Random walk",0.88710142,0.769621322,0.9976633975,0.953333333333333
2020-08-26,"Random walk",0.878410865,0.76035315,0.989388444,0.962833333333333
2020-08-27,"Random walk",0.871485465,0.7506269535,0.9833783145,0.969166666666667
2020-08-28,"Random walk",0.86567412,0.745481935,0.979659562,0.971666666666667
2020-08-29,"Random walk",0.861001275,0.7357806445,0.976180262,0.973833333333333
2020-08-30,"Random walk",0.85583722,0.733264558,0.974707378,0.9745
2020-08-31,"Random walk",0.85382216,0.7304833705,0.975248495,0.975
2020-09-01,"Random walk",0.85054817,0.7270981785,0.9753844315,0.976
2020-09-02,"Random walk",0.84726439,0.720481366,0.975237413,0.974666666666667
2020-09-03,"Random walk",0.84505144,0.7132207135,0.9772891285,0.972333333333333
2020-09-04,"Random walk",0.841534005,0.7079479845,0.9796823305,0.968166666666667
2020-09-05,"Random walk",0.839869025,0.7025087305,0.9862934085,0.963
2020-09-06,"Random walk",0.838839265,0.6959511485,0.9907787715,0.957333333333333
2020-09-07,"Random walk",0.838350985,0.6898542025,0.9996840965,0.95
2020-09-08,"Random walk",0.83868072,0.6845104435,1.00689072,0.944
2020-09-09,"Random walk",0.837249625,0.674257656,1.01715487,0.933166666666667
