"fecha","obs","f","resid"
2020-03-14,3,4.07660276266,-0.355106099948313
2020-03-15,2,3.49565222707667,-0.555213919611415
2020-03-16,4,5.178465341425,-0.321544565156379
2020-03-17,2,4.71272435981667,-0.798251082546482
2020-03-18,1,5.21738175780167,-1.14377622007564
2020-03-19,2,6.69502309326667,-1.0371793788332
2020-03-20,9,11.4144522467167,-0.336392232082379
2020-03-21,1,9.28708217235,-1.38437633503452
2020-03-22,3,11.90181228325,-1.1948871718505
2020-03-23,12,17.3112017599167,-0.507444258281678
2020-03-24,18,21.6481092243,-0.283241025117377
2020-03-25,9,21.45072120605,-0.974990330744548
2020-03-26,4,16.051138586,-1.23414960317461
2020-03-27,20,19.1363271036333,0.0752161470650717
2020-03-28,27,21.995786839,0.382783283749745
2020-03-29,21,24.6115090208333,-0.248598096173756
2020-03-30,30,27.4969433675,0.155169824054807
2020-03-31,34,30.5080761125,0.196131629813541
2020-04-01,65,33.7747609368333,1.59162969700704
2020-04-02,46,36.4181469195,0.454409873601213
2020-04-03,38,38.9279839973333,-0.0412804491959226
2020-04-04,82,41.8873982596667,1.66283179661065
2020-04-05,25,43.581920488,-0.741384828168439
2020-04-06,46,46.0875115423333,-0.00330797414705673
2020-04-07,71,48.8812120985,0.789801954371106
2020-04-08,108,51.1933489728333,1.93953040111543
2020-04-09,32,51.8721174128333,-0.66987034315514
2020-04-10,81,53.4040511976667,0.904313831616835
2020-04-11,43,53.9334429351667,-0.354869858472224
2020-04-12,19,54.5685068543333,-1.14139906657726
2020-04-13,23,56.0992023395,-1.03397012656338
2020-04-14,33,58.3239008561667,-0.761702010423094
2020-04-15,48,61.1280494911667,-0.377213287598883
2020-04-16,43,64.0841017275,-0.578546429021246
2020-04-17,57,67.6826603888333,-0.277902989050298
2020-04-18,85,71.935088522,0.320217950896975
2020-04-19,116,75.7157106775,0.939071670226124
2020-04-20,79,78.4599977746667,0.0121565129501859
2020-04-21,69,81.4524852423333,-0.270228346969883
2020-04-22,82,84.9412030721667,-0.0612531156031797
2020-04-23,46,88.603807132,-0.851233185323668
2020-04-24,173,93.9027972213333,1.49268779180171
2020-04-25,90,96.7585566086667,-0.123841269240734
2020-04-26,91,100.184367089333,-0.162626553412988
2020-04-27,103,103.762728829,-0.0130468693022035
2020-04-28,64,107.31379281,-0.716747971496393
2020-04-29,131,112.1766356445,0.298172394657128
2020-04-30,89,116.606827644167,-0.420917963822423
2020-05-01,137,121.7083249495,0.223504658918268
2020-05-02,71,125.885399359667,-0.775926696110263
2020-05-03,111,132.340548389167,-0.287156413468164
2020-05-04,127,139.223082284333,-0.156434573230898
2020-05-05,189,146.988880599,0.509571112283432
2020-05-06,200,153.807551839167,0.535706147944637
2020-05-07,129,159.2051214735,-0.338539392198684
2020-05-08,226,166.310599297833,0.640690919980809
2020-05-09,209,171.504590082333,0.390390897581312
2020-05-10,128,175.702853401167,-0.484908004658601
2020-05-11,150,181.8617498945,-0.313008133752724
2020-05-12,258,189.256443243333,0.649168823810762
2020-05-13,122,193.76042434,-0.66203577433629
2020-05-14,207,200.839343846667,0.0548486534935142
2020-05-15,115,207.581646138333,-0.797693493094634
2020-05-16,278,216.936411263333,0.503609974863297
2020-05-17,241,224.78616036,0.129084077413496
2020-05-18,195,232.627780756667,-0.289539428553834
2020-05-19,216,241.145880961667,-0.186703891614307
2020-05-20,252,250.529008878333,0.0105154179498696
2020-05-21,122,259.05493476,-0.94769552345796
2020-05-22,280,273.002828326667,0.0459260256020481
2020-05-23,383,286.444622976667,0.604169985110163
2020-05-24,237,295.966177728333,-0.357159833057942
2020-05-25,173,307.834564216667,-0.785373958421017
2020-05-26,355,324.487696431667,0.168649798653454
2020-05-27,306,341.155978126667,-0.184867456027409
2020-05-28,490,359.742775063333,0.649725437465749
2020-05-29,628,375.430623638333,1.20740329413265
2020-05-30,477,384.333184148333,0.432773714817299
2020-05-31,348,391.802043198333,-0.200681294566077
2020-06-01,384,401.282919828333,-0.0773192903191001
2020-06-02,374,412.111333255,-0.166037747087149
2020-06-03,497,424.289303616667,0.307717521368211
2020-06-04,534,434.723482381667,0.410099320665698
2020-06-05,404,441.485847501667,-0.152486304051775
2020-06-06,379,449.709846963333,-0.282394869635921
2020-06-07,319,458.88593154,-0.547532302046105
2020-06-08,442,472.843963958333,-0.117175780974738
2020-06-09,391,486.281987733333,-0.352005215754808
2020-06-10,424,502.53372415,-0.280778640109776
2020-06-11,408,521.128506258333,-0.390076767803954
2020-06-12,416,541.985890873333,-0.417742416901583
2020-06-13,565,566.650507965,-0.00523520045868183
2020-06-14,628,591.748368021667,0.110121971665288
2020-06-15,414,614.48275013,-0.586536000886208
2020-06-16,807,645.348690306667,0.450367231541067
2020-06-17,81,669.21038716,-1.58048651206331
2020-06-18,806,716.053301571667,0.225906796317864
2020-06-19,1082,762.271131853333,0.754434040188517
2020-06-20,696,797.967906246667,-0.229862542801205
2020-06-21,876,841.174132908333,0.0744820105800841
2020-06-22,1182,885.601530886667,0.602164124000674
2020-06-23,1333,923.298212438333,0.798427621188925
2020-06-24,115,948.091455958333,-1.58114627485946
2020-06-25,1278,1005.239643825,0.488296269648857
2020-06-26,1012,1054.293493825,-0.0721965348536617
2020-06-27,2158,1113.65269566167,1.68785469214292
2020-06-28,1469,1133.92275208833,0.531878750896034
2020-06-29,24,1144.85154056167,-1.76220330929359
2020-06-30,707,1193.51667118167,-0.7337555285056
2020-07-01,1416,1259.94270318167,0.22297004204929
2020-07-02,1335,1318.89997329,0.0219762170824783
2020-07-03,1451,1376.34277093167,0.0976575290862708
2020-07-04,1182,1430.13936706667,-0.312389923536144
2020-07-05,1291,1490.40861918,-0.240900768351033
2020-07-06,1101,1559.26594155167,-0.529197593275031
2020-07-07,1630,1641.04603320667,-0.0121207237937243
2020-07-08,1509,1721.63175895,-0.222408266193686
2020-07-09,1649,1815.65830291833,-0.165301607071011
2020-07-10,2690,1921.82894716667,0.719861383232736
2020-07-11,2520,2004.12070316667,0.463601618057728
2020-07-12,2200,2073.46159955,0.109915468595492
2020-07-13,1728,2142.35353011667,-0.348356004363655
2020-07-14,1909,2226.15040915,-0.25660584611701
2020-07-15,2464,2315.93321811667,0.115159467582128
2020-07-16,3134,2397.98476683333,0.552864666403467
2020-07-17,156,2445.52966136667,-1.68638800246557
2020-07-18,1879,2574.1569488,-0.486459183463039
2020-07-19,3803,2727.91709288333,0.709945122895627
2020-07-20,4099,2850.4762007,0.789049961353198
2020-07-21,3572,2936.04163661667,0.390210341299303
2020-07-22,3968,3005.33582283333,0.57705822990817
2020-07-23,2329,3042.01551681667,-0.422258324334743
2020-07-24,3271,3102.08259131667,0.0980993666951365
2020-07-25,2484,3143.56825703333,-0.377994081228574
2020-07-26,106,3195.19357826667,-1.74180574692866
2020-07-27,3206,3358.90688375,-0.0820146799935408
2020-07-28,8581,3526.52516931667,2.58226938313631
2020-07-29,3239,3514.69801461667,-0.141324496076378
2020-07-30,3181,3524.43752755,-0.175561914932329
2020-07-31,550,3537.55877948333,-1.52154889470171
2020-08-01,3933,3657.54929868333,0.135685471966077
2020-08-02,6899,3759.8087404,1.50430853885793
2020-08-03,3042,3748.57249391667,-0.339605838534924
2020-08-04,4939,3768.19352155,0.559805592500042
2020-08-05,3632,3754.70715903333,-0.0588814468603657
2020-08-06,2793,3727.24951595,-0.451603889915091
2020-08-07,3385,3729.25056191667,-0.166316928157299
2020-08-08,3433,3728.45679053333,-0.142773689443759
2020-08-09,2178,3707.47032025,-0.74326831829528
2020-08-10,665,3730.2768518,-1.48051241430372
2020-08-11,8472,3864.69868225,2.14793414908871
2020-08-12,1182,3827.89378115,-1.24537676650806
2020-08-13,7084,3879.32030993333,1.48839999896874
2020-08-14,108,3807.93200876667,-1.75061975373248
2020-08-15,5056,3882.52582275,0.5445653541005
2020-08-16,8410,3924.33266591667,2.05946304945466
2020-08-17,3584,3805.93867745,-0.105065075493645
2020-08-18,764,3711.185743,-1.430794485081
2020-08-19,7906,3736.47927098333,2.01051485732263
2020-08-20,3658,3615.7234674,0.0210659757014254
2020-08-21,3685,3510.86082841667,0.0893623258390214
2020-08-22,2911,3397.88928641667,-0.258158199388219
2020-08-23,3487,3317.13208493333,0.0922589420937412
2020-08-24,3128,3221.7049914,-0.0523999099655067
2020-08-25,3264,3123.19538358333,0.0812202693397855
2020-08-26,2494,3023.38889735,-0.315442387648587
2020-08-27,2157,2936.06076905,-0.478011779109878
2020-08-28,2871,2868.53378501667,0.0015488081166047
2020-08-29,1971,2791.6683989,-0.529570481423875
2020-08-30,1912,2739.99195793333,-0.544367211776602
2020-08-31,3415,2715.16122636667,0.464317608350823
2020-09-01,2889,2657.19125646667,0.15714990143184
2020-09-02,2027,2589.52259258333,-0.391309552977195
2020-09-03,2558,2547.50384701667,0.0074218299676622
2020-09-04,2110,2503.68833216667,-0.28324557577773
2020-09-05,2067,2469.27154476667,-0.293452217618594
2020-09-06,1218,2438.06647293333,-0.901407636494092
2020-09-07,2637,2446.90818213333,0.139936200282971
2020-09-08,1873,2443.82988963333,-0.420745710516525
2020-09-09,1755,2455.00402401167,-0.513610157845545
