"cantidad","nucleo_10_5d","china_gamma","diferencia","revisar"
"Cobertura IC50 (%)",72.2222222222222,70,-2.2222222222222,""
"Cobertura IC80 (%)",88.3333333333333,87.2222222222222,-1.11111111111107,""
"Cobertura IC95 (%)",95,95,0,""
"Ancho banda 95 con y_pred",851.937058231111,862.773464631369,10.8364064002581,""
"Ancho banda 95 con y_rep",2945.96375,2960.25027777778,14.286527777776,""
"Dias fuera banda 95",9,9,0,""
"elpd_loo",-1233.52363544333,-1233.01303300399,0.510602439339436,""
"SE elpd_loo",29.0729047326854,29.2231969694589,0.150292236773453,""
"p_loo",18.0034386276027,16.4312356443697,-1.57220298323301,"<-- REVISAR"
"Pareto k maximo",0.580884177055784,0.618590922448311,0.0377067453925274,"<-- REVISAR"
"Pareto k mediano",0.224011460396407,0.222587148160879,-0.00142431223552789,""
"Dias con k > 0.7",0,0,0,""
"Pearson T observado",65195.5677043943,65959.5697394159,764.002035021578,""
"Pearson T NB-2",73392.4244642737,74037.4478299459,645.023365672183,""
"Pearson T Poisson",180.434384175361,180.522343405268,0.0879592299069145,""
"Razon observado/Poisson",361.325630934245,365.38174995512,4.05611902087486,""
"p-valor dispersion NB-2",0.635333333333333,0.631166666666667,-0.00416666666666632,""
"p-valor dispersion Poisson",0,0,0,""
"p-valor max(y) NB-2",0.635333333333333,0.6315,-0.00383333333333302,""
"p-valor sd(y) NB-2",0.511666666666667,0.505166666666667,-0.00650000000000039,""
"sd residuos Pearson",0.761182596587313,0.757529466344894,-0.00365313024241876,""
"sd residuos dias 1-60",0.755364044924589,0.73831636975897,-0.0170476751656192,""
"sd residuos dias 61-120",0.618863663803864,0.614102799336997,-0.0047608644668673,""
"sd residuos dias 121-180",0.895538460084831,0.903075449200682,0.0075369891158511,""
"Dias con |resid| > 2",4,4,0,""
"Cobertura IC50 sin atipicos (%)",73.8636363636364,71.5909090909091,-2.27272727272731,""
"Mediana estacionaria",1.24918842879338,1.16990701913708,-0.0792814096562979,"<-- REVISAR"
"Media estacionaria",1.48497545176314,1.20675561053333,-0.278219841229806,"<-- REVISAR"
"Vida media mediana (dias)",25.1641942638481,7.52500998875274,-17.6391842750954,"<-- REVISAR"
