"fecha","M0_AR1_Gamma","M1_AR2_Gamma","M2_RW_Gamma","M3_AR1_Exp"
2020-03-14,1.25503695,1.3280555,1.44613505,1.28904665
2020-03-15,1.255504,1.30469665,1.4511717,1.29144385
2020-03-16,1.25718845,1.31524035,1.45198185,1.29829955
2020-03-17,1.25891785,1.3187909,1.45734895,1.2988538
2020-03-18,1.2605181,1.33774055,1.46173325,1.3048571
2020-03-19,1.274275,1.35460275,1.46767835,1.32210585
2020-03-20,1.3005486,1.36957395,1.47516035,1.34064605
2020-03-21,1.3154851,1.3777295,1.48240035,1.3608425
2020-03-22,1.3503313,1.40523345,1.49387185,1.3900267
2020-03-23,1.39102085,1.4366209,1.5025293,1.4353596
2020-03-24,1.4279724,1.4612181,1.5149553,1.47050845
2020-03-25,1.4647894,1.48989185,1.52163745,1.5036661
2020-03-26,1.5057991,1.51653935,1.5332128,1.5412949
2020-03-27,1.5716894,1.5530867,1.54793725,1.59864475
2020-03-28,1.6198973,1.57983475,1.55621655,1.64229945
2020-03-29,1.64771835,1.60652555,1.56123925,1.6685843
2020-03-30,1.67257045,1.6126964,1.5629936,1.6928072
2020-03-31,1.6938373,1.6303842,1.5627461,1.697539
2020-04-01,1.7010367,1.6238182,1.55818275,1.70745895
2020-04-02,1.66890405,1.60392515,1.54405225,1.67465405
2020-04-03,1.62799595,1.57865975,1.52832255,1.6324883
2020-04-04,1.59204195,1.5610438,1.51386405,1.59785985
2020-04-05,1.52821745,1.51364085,1.49033885,1.53266585
2020-04-06,1.49599775,1.4911346,1.4698546,1.49985245
2020-04-07,1.4708605,1.46117125,1.45249555,1.46971395
2020-04-08,1.43839605,1.439895,1.4326898,1.43623495
2020-04-09,1.375696,1.3833001,1.4072895,1.37362095
2020-04-10,1.33515615,1.35737045,1.3847927,1.33547285
2020-04-11,1.28799565,1.3170541,1.3645605,1.28384385
2020-04-12,1.2450834,1.28777195,1.3456649,1.2487748
2020-04-13,1.22845285,1.2809688,1.3333493,1.2329104
2020-04-14,1.2282284,1.27514345,1.32611205,1.2345221
2020-04-15,1.2397066,1.28460035,1.32086225,1.2427179
2020-04-16,1.25460395,1.28490395,1.3166396,1.2561673
2020-04-17,1.27247885,1.2893097,1.3135181,1.2748506
2020-04-18,1.29489275,1.30463655,1.31281735,1.2948669
2020-04-19,1.3044936,1.3083197,1.31052835,1.3030515
2020-04-20,1.2993179,1.29777215,1.30516695,1.29720725
2020-04-21,1.2912704,1.2942502,1.29893505,1.29070565
2020-04-22,1.29078315,1.28762375,1.29512535,1.2874057
2020-04-23,1.28908545,1.2812252,1.29210875,1.2843679
2020-04-24,1.30081375,1.29370335,1.2921082,1.3001795
2020-04-25,1.2883038,1.2745894,1.2876158,1.2849214
2020-04-26,1.2754755,1.27047975,1.2812464,1.27390875
2020-04-27,1.27054045,1.26709695,1.27864435,1.266529
2020-04-28,1.2648394,1.2668913,1.27354415,1.2575036
2020-04-29,1.266367,1.27714315,1.27380185,1.2638358
2020-04-30,1.2626029,1.2715922,1.2720167,1.26213925
2020-05-01,1.26697515,1.27200375,1.27094715,1.2651773
2020-05-02,1.2631539,1.27469295,1.2705374,1.2616407
2020-05-03,1.26990375,1.2853132,1.2708803,1.27097615
2020-05-04,1.28350985,1.2860081,1.271163,1.27916015
2020-05-05,1.29414395,1.28772035,1.27283435,1.2935829
2020-05-06,1.2963465,1.284175,1.27185135,1.29332445
2020-05-07,1.2891724,1.27650285,1.2682276,1.2857715
2020-05-08,1.28769925,1.27888875,1.2657177,1.28323695
2020-05-09,1.27415655,1.2642052,1.26271545,1.2725545
2020-05-10,1.25552235,1.25245145,1.25868925,1.25755265
2020-05-11,1.24719,1.2525122,1.25569345,1.2517819
2020-05-12,1.24944705,1.2502291,1.2541744,1.2521568
2020-05-13,1.2330948,1.2398165,1.25210305,1.2406457
2020-05-14,1.23261455,1.2366276,1.25132435,1.2391459
2020-05-15,1.22914035,1.23490845,1.24893075,1.2343542
2020-05-16,1.23657735,1.2397098,1.24948075,1.245163
2020-05-17,1.23849565,1.2405308,1.25026265,1.24424485
2020-05-18,1.2382794,1.23648765,1.2500367,1.2419304
2020-05-19,1.2388817,1.2389539,1.248231,1.23988595
2020-05-20,1.2396555,1.24469675,1.2483915,1.24368455
2020-05-21,1.23952695,1.24533215,1.2496162,1.24107595
2020-05-22,1.25595575,1.254922,1.25200635,1.25814895
2020-05-23,1.26754845,1.2641137,1.2536905,1.2674
2020-05-24,1.2598535,1.2662278,1.2513078,1.26295915
2020-05-25,1.2625001,1.2627364,1.25170685,1.26225355
2020-05-26,1.27566775,1.27499505,1.25318585,1.2751499
2020-05-27,1.28364975,1.2772739,1.25504055,1.28443455
2020-05-28,1.29350575,1.280942,1.25738745,1.29073875
2020-05-29,1.294015,1.2760257,1.25403895,1.2928531
2020-05-30,1.2730969,1.26472635,1.2480564,1.27402195
2020-05-31,1.24754785,1.25033845,1.24004515,1.2482691
2020-06-01,1.2313362,1.2349617,1.23560955,1.23076955
2020-06-02,1.21736315,1.22584035,1.2322274,1.2179948
2020-06-03,1.2116351,1.2155606,1.22971505,1.2094676
2020-06-04,1.201613,1.21024535,1.2265712,1.19874725
2020-06-05,1.18267165,1.2001446,1.2227858,1.18633895
2020-06-06,1.17035515,1.1904399,1.2197338,1.17622795
2020-06-07,1.16615885,1.1884832,1.2188463,1.1708989
2020-06-08,1.1708168,1.18497285,1.2200695,1.1720777
2020-06-09,1.1734322,1.1901335,1.2222574,1.1791401
2020-06-10,1.18105025,1.1878169,1.22567585,1.18377925
2020-06-11,1.1899083,1.19657945,1.22958775,1.1935126
2020-06-12,1.2043867,1.2038295,1.2355188,1.20528425
2020-06-13,1.22157935,1.22332105,1.2429105,1.22268655
2020-06-14,1.23606235,1.2394484,1.24845185,1.23784425
2020-06-15,1.24363615,1.2441231,1.2540549,1.24621165
2020-06-16,1.25858005,1.26427625,1.2600004,1.25809025
2020-06-17,1.26082095,1.2609294,1.2671481,1.2629425
2020-06-18,1.2920629,1.2867031,1.2758926,1.2933585
2020-06-19,1.3155077,1.30665495,1.28366185,1.31514445
2020-06-20,1.31968345,1.3059828,1.2869506,1.3175443
2020-06-21,1.3268026,1.31212605,1.2921409,1.32493295
2020-06-22,1.3327529,1.3116643,1.2953304,1.33055785
2020-06-23,1.3264447,1.31386075,1.29757725,1.32578175
2020-06-24,1.3023918,1.3022329,1.2943321,1.3013405
2020-06-25,1.31391185,1.31071465,1.2985658,1.3103569
2020-06-26,1.31534745,1.3129563,1.30003055,1.31391715
2020-06-27,1.32253195,1.31546,1.3026682,1.31625385
2020-06-28,1.29049355,1.2999861,1.2971647,1.28787895
2020-06-29,1.2598621,1.27681625,1.2929071,1.2583824
2020-06-30,1.25690675,1.27359465,1.2917907,1.2587781
2020-07-01,1.26800155,1.2821229,1.2924642,1.2692967
2020-07-02,1.2775625,1.2887171,1.2936033,1.27491435
2020-07-03,1.27864575,1.2843193,1.2944998,1.2787746
2020-07-04,1.27662785,1.2901499,1.294686,1.27696745
2020-07-05,1.27639405,1.2869755,1.295301,1.27945035
2020-07-06,1.2820843,1.2930698,1.29497485,1.283034
2020-07-07,1.29309215,1.3029244,1.29464245,1.2905066
2020-07-08,1.3003899,1.30011485,1.29425105,1.2990554
2020-07-09,1.30958795,1.3057387,1.29522665,1.3069495
2020-07-10,1.32190815,1.31589635,1.29605065,1.3190624
2020-07-11,1.31738335,1.3073281,1.29500825,1.31302475
2020-07-12,1.30223705,1.29595825,1.2887673,1.29962555
2020-07-13,1.28763015,1.27988115,1.2846567,1.2898932
2020-07-14,1.2783744,1.2720731,1.28035415,1.2780313
2020-07-15,1.27571115,1.27012385,1.277297,1.27369805
2020-07-16,1.26737225,1.26480995,1.2705755,1.2668617
2020-07-17,1.24516135,1.24770525,1.26196245,1.24679245
2020-07-18,1.2557911,1.2545973,1.2571578,1.2549778
2020-07-19,1.2716925,1.2656549,1.25396445,1.27198035
2020-07-20,1.27500285,1.2625384,1.2512393,1.27078685
2020-07-21,1.2608556,1.25505945,1.24096245,1.25828165
2020-07-22,1.24445465,1.24551505,1.2302785,1.24302195
2020-07-23,1.2163282,1.2184048,1.2203516,1.21595025
2020-07-24,1.19883475,1.1989417,1.20958375,1.20061255
2020-07-25,1.17984185,1.18993055,1.19679925,1.1824151
2020-07-26,1.16273005,1.18043675,1.18699385,1.1686859
2020-07-27,1.1806807,1.1840247,1.1819633,1.1838759
2020-07-28,1.19750545,1.1901616,1.1775781,1.19714345
2020-07-29,1.165514,1.1670203,1.16353945,1.1687487
2020-07-30,1.14074705,1.15470305,1.15113675,1.14695435
2020-07-31,1.12057135,1.133087,1.13809475,1.1233841
2020-08-01,1.12809705,1.13173625,1.1300375,1.130223
2020-08-02,1.13075265,1.1262767,1.12299345,1.130281
2020-08-03,1.1062695,1.1082739,1.10942345,1.1089017
2020-08-04,1.09275315,1.0939993,1.09897245,1.09337115
2020-08-05,1.0714012,1.07999515,1.086122,1.07422695
2020-08-06,1.05093085,1.06399445,1.07478255,1.0526166
2020-08-07,1.04091735,1.05185025,1.0647325,1.04203615
2020-08-08,1.0311187,1.04249115,1.0541132,1.0357088
2020-08-09,1.0181668,1.03117785,1.04527445,1.0249048
2020-08-10,1.0160593,1.0246318,1.03643745,1.0231591
2020-08-11,1.04352635,1.0394179,1.0332419,1.04256895
2020-08-12,1.02791505,1.0194022,1.0227234,1.0262921
2020-08-13,1.03232125,1.0265094,1.015359,1.03009905
2020-08-14,1.0126782,1.001984,1.00347735,1.01001765
2020-08-15,1.02121955,1.0085154,0.995675715,1.01854845
2020-08-16,1.0210361,1.0042249,0.98746778,1.0176559
2020-08-17,0.991401785,0.98666264,0.97415473,0.99021318
2020-08-18,0.968221075,0.964672825,0.960308875,0.96694519
2020-08-19,0.97211206,0.964529805,0.95240214,0.970904795
2020-08-20,0.942827625,0.935612025,0.939744935,0.946245875
2020-08-21,0.922878905,0.91598181,0.927073745,0.922642225
2020-08-22,0.90142182,0.90069351,0.916037035,0.902785595
2020-08-23,0.888953575,0.891608375,0.905859085,0.889413525
2020-08-24,0.876843385,0.881235075,0.896264645,0.87594353
2020-08-25,0.86573426,0.871606,0.88710142,0.866626805
2020-08-26,0.85360562,0.85696347,0.878410865,0.855076535
2020-08-27,0.84475807,0.8546033,0.871485465,0.84759324
2020-08-28,0.84584453,0.85582331,0.86567412,0.84652389
2020-08-29,0.842057715,0.84966263,0.861001275,0.845117605
2020-08-30,0.846013715,0.85316316,0.85583722,0.84691751
2020-08-31,0.855381355,0.85886163,0.85382216,0.855920295
2020-09-01,0.85853387,0.85777286,0.85054817,0.8590418
2020-09-02,0.85611263,0.855560375,0.84726439,0.857478945
2020-09-03,0.86254713,0.85579606,0.84505144,0.861140645
2020-09-04,0.86391888,0.85766888,0.841534005,0.864572
2020-09-05,0.86810367,0.860373635,0.839869025,0.86779197
2020-09-06,0.87500608,0.864212075,0.838839265,0.87484459
2020-09-07,0.89190676,0.879521005,0.838350985,0.89227637
2020-09-08,0.90248619,0.888867465,0.83868072,0.900804925
2020-09-09,0.9168789,0.894994765,0.837249625,0.914162085
