"modelo","variable","mean","median","2.5%","97.5%"
"M0_AR1_Gamma","mu_rt",0.152067635528467,0.16088994,-0.0875287562,0.323846599
"M0_AR1_Gamma","rho1",0.893101084973333,0.91200258,0.689039267,0.994828752
"M0_AR1_Gamma","sigma_epsilon",0.0920469384915,0.085350615,0.029505170175,0.192416904
"M0_AR1_Gamma","phi",3.2489641524,3.23108845,2.586149815,3.9920589375
"M1_AR2_Gamma","mu_rt",0.15499327476038,0.16093608,-0.096581006675,0.3698770645
"M1_AR2_Gamma","rho1",0.779014496233333,0.783762885,0.5874602115,0.95228187875
"M1_AR2_Gamma","rho2",0.151035962011078,0.147846785,0.00849108918,0.31613120225
"M1_AR2_Gamma","sigma_epsilon",0.0791296944286667,0.072468332,0.029608478525,0.16572966925
"M1_AR2_Gamma","phi",3.22030475388333,3.2062867,2.5787187475,3.970598665
"M2_RW_Gamma","log_Rt1",0.363028991049883,0.36889452,0.025960726625,0.661659156499999
"M2_RW_Gamma","sigma_epsilon",0.0390632736053333,0.0361534675,0.018789027725,0.073980326575
"M2_RW_Gamma","phi",3.22185288906667,3.2067655,2.595164965,3.939170895
"M3_AR1_Exp","mu_rt",0.154052886170857,0.16302646,-0.093634241975,0.337196509
"M3_AR1_Exp","rho1",0.898149452723333,0.91858288,0.694288942,0.99576682625
"M3_AR1_Exp","sigma_epsilon",0.0893096437826667,0.082053531,0.028631200525,0.18907476225
"M3_AR1_Exp","phi",3.2666037751,3.24580735,2.59284709,4.0278372375
