"dia_bajo","ventana","obs_dia_bajo","esp_dia_bajo","obs_ventana","esp_ventana","razon_obs_esp"
2020-06-17,"2020-06-17 2020-06-19",81,669,1969,2148,0.92
2020-06-24,"2020-06-24 2020-06-26",115,948,2405,3008,0.8
2020-06-29,"2020-06-29 2020-07-01",24,1145,2147,3598,0.6
2020-07-17,"2020-07-17 2020-07-19",156,2446,5838,7748,0.75
2020-07-26,"2020-07-26 2020-07-28",106,3195,11893,10081,1.18
2020-07-31,"2020-07-31 2020-08-02",550,3538,11382,10955,1.04
2020-08-10,"2020-08-10 2020-08-12",665,3730,10319,11423,0.9
2020-08-14,"2020-08-14 2020-08-16",108,3808,13574,11615,1.17
2020-08-18,"2020-08-18 2020-08-20",764,3711,12328,11063,1.11
